doc_id,title,doc_type,topic_id,country,department,author_id,owner_id,created,last_modified,version,key_value,verified,text
D001,Handleiding: Ouderschapsverlof (NL) v3,manual,T_ouderschapsverlof,NL,,P02,P02,2023-09-19,2024-08-19,3,13 weken per ouder,False,Ouderschapsverlof (NL). Regel: 13 weken per ouder. Stap-voor-stap handleiding voor medewerkers.
D002,Handleiding: Ouderschapsverlof (NL) v2,manual,T_ouderschapsverlof,NL,,P01,P01,2023-08-26,2024-08-03,2,26 weken per ouder,False,Ouderschapsverlof (NL). Regel: 26 weken per ouder. Stap-voor-stap handleiding voor medewerkers.
D003,Checklist: Ouderschapsverlof (NL) v3,checklist,T_ouderschapsverlof,NL,HR Advisory,P02,P02,2025-03-28,2025-10-13,3,26 weken per ouder,False,Ouderschapsverlof (NL). Regel: 26 weken per ouder. Checklist om niets te vergeten bij de verwerking.
D004,Beleid: Ouderschapsverlof (NL) v1,policy,T_ouderschapsverlof,NL,HR Advisory,P01,P01,2025-02-04,2025-02-04,1,26 weken per ouder,False,"Ouderschapsverlof (NL). Regel: 26 weken per ouder. Officieel beleid, goedgekeurd door de afdeling."
D005,Beleid: Ouderschapsverlof (NL) v3,policy,T_ouderschapsverlof,NL,HR Advisory,P02,P02,2025-05-11,2026-04-08,3,26 weken per ouder,True,"Ouderschapsverlof (NL). Regel: 26 weken per ouder. Officieel beleid, goedgekeurd door de afdeling."
D006,Handleiding: Ouderschapsverlof (DE) v3,manual,T_ouderschapsverlof,DE,HR Advisory,P01,P01,2024-11-05,2025-05-12,3,24 maanden Elternzeit,False,Ouderschapsverlof (DE). Regel: 24 maanden Elternzeit. Stap-voor-stap handleiding voor medewerkers.
D007,Teams-gesprek: Ouderschapsverlof (DE) v3,chat,T_ouderschapsverlof,DE,HR Advisory,P47,P47,2025-05-27,2026-01-08,3,24 maanden Elternzeit,False,"Ouderschapsverlof (DE). Regel: 24 maanden Elternzeit. Informele uitleg uit een Teams-kanaal, niet formeel bevestigd."
D008,Teams-gesprek: Ouderschapsverlof (DE) v1,chat,T_ouderschapsverlof,DE,HR Advisory,P01,P01,2025-06-04,2025-06-04,1,36 maanden Elternzeit,False,"Ouderschapsverlof (DE). Regel: 36 maanden Elternzeit. Informele uitleg uit een Teams-kanaal, niet formeel bevestigd."
D009,E-mail: Ouderschapsverlof (DE) v2,email,T_ouderschapsverlof,DE,HR Advisory,P02,P02,2025-04-28,2026-05-31,2,36 maanden Elternzeit,False,Ouderschapsverlof (DE). Regel: 36 maanden Elternzeit. Doorgestuurde e-mail van een collega met uitleg.
D010,Handleiding: Ouderschapsverlof (DE) v3,manual,T_ouderschapsverlof,DE,HR Advisory,P44,P44,2024-11-19,2025-01-22,3,24 maanden Elternzeit,False,Ouderschapsverlof (DE). Regel: 24 maanden Elternzeit. Stap-voor-stap handleiding voor medewerkers.
D011,Handleiding: Ouderschapsverlof (DE) v3,manual,T_ouderschapsverlof,DE,HR Advisory,P01,P01,2024-12-06,2025-01-10,3,36 maanden Elternzeit,False,Ouderschapsverlof (DE). Regel: 36 maanden Elternzeit. Stap-voor-stap handleiding voor medewerkers.
D012,Beleid: Ouderschapsverlof (DE) v3,policy,T_ouderschapsverlof,DE,HR Advisory,P05,P05,2025-11-10,2026-05-08,3,36 maanden Elternzeit,False,"Ouderschapsverlof (DE). Regel: 36 maanden Elternzeit. Officieel beleid, goedgekeurd door de afdeling."
D013,Beleid: Ziekteverlof en gewaarborgd loon (BE) v1,policy,T_ziekteverlof,BE,HR Advisory,P02,P02,2025-12-01,2025-12-01,1,14 dagen gewaarborgd loon,False,"Ziekteverlof en gewaarborgd loon (BE). Regel: 14 dagen gewaarborgd loon. Officieel beleid, goedgekeurd door de afdeling."
D014,Teams-gesprek: Ziekteverlof en gewaarborgd loon (BE) v3,chat,T_ziekteverlof,BE,HR Advisory,P03,,2026-01-08,2026-01-24,3,30 dagen gewaarborgd loon,False,"Ziekteverlof en gewaarborgd loon (BE). Regel: 30 dagen gewaarborgd loon. Informele uitleg uit een Teams-kanaal, niet formeel bevestigd."
D015,Handleiding: Ziekteverlof en gewaarborgd loon (BE) v2,manual,T_ziekteverlof,BE,HR Advisory,P02,P02,2024-02-13,2024-06-30,2,14 dagen gewaarborgd loon,False,Ziekteverlof en gewaarborgd loon (BE). Regel: 14 dagen gewaarborgd loon. Stap-voor-stap handleiding voor medewerkers.
D016,Checklist: Ziekteverlof en gewaarborgd loon (BE) v2,checklist,T_ziekteverlof,BE,HR Advisory,P02,P02,2024-10-16,2025-10-26,2,30 dagen gewaarborgd loon,False,Ziekteverlof en gewaarborgd loon (BE). Regel: 30 dagen gewaarborgd loon. Checklist om niets te vergeten bij de verwerking.
D017,Checklist: Ziekteverlof en gewaarborgd loon (BE) v1,checklist,T_ziekteverlof,BE,HR Advisory,P02,,2026-09-04,2026-09-04,1,30 dagen gewaarborgd loon,False,Ziekteverlof en gewaarborgd loon (BE). Regel: 30 dagen gewaarborgd loon. Checklist om niets te vergeten bij de verwerking.
D018,Beleid: Ziekteverlof en gewaarborgd loon (BE) v3,policy,T_ziekteverlof,BE,HR Advisory,P03,P03,2026-01-07,2026-05-15,3,30 dagen gewaarborgd loon,False,"Ziekteverlof en gewaarborgd loon (BE). Regel: 30 dagen gewaarborgd loon. Officieel beleid, goedgekeurd door de afdeling."
D019,Analyse: Ziekteverlof en gewaarborgd loon (BE) v1,analysis,T_ziekteverlof,BE,HR Advisory,P03,P03,2026-06-08,2026-06-08,1,30 dagen gewaarborgd loon,False,Ziekteverlof en gewaarborgd loon (BE). Regel: 30 dagen gewaarborgd loon. Interne analyse met voorbeelden en randgevallen.
D020,Analyse: Ziekteverlof en gewaarborgd loon (BE) v3,analysis,T_ziekteverlof,BE,HR Advisory,P02,,2024-01-27,2025-02-26,3,14 dagen gewaarborgd loon,False,Ziekteverlof en gewaarborgd loon (BE). Regel: 14 dagen gewaarborgd loon. Interne analyse met voorbeelden en randgevallen.
D021,E-mail: Ziekteverlof en gewaarborgd loon (BE) v2,email,T_ziekteverlof,BE,HR Advisory,P02,P02,2022-08-20,2023-01-16,2,30 dagen gewaarborgd loon,False,Ziekteverlof en gewaarborgd loon (BE). Regel: 30 dagen gewaarborgd loon. Doorgestuurde e-mail van een collega met uitleg.
D022,Teams-gesprek: Ziekteverlof en gewaarborgd loon (NL) v3,chat,T_ziekteverlof,NL,HR Advisory,P06,P06,2025-03-17,2025-05-27,3,52 weken doorbetaling,False,"Ziekteverlof en gewaarborgd loon (NL). Regel: 52 weken doorbetaling. Informele uitleg uit een Teams-kanaal, niet formeel bevestigd."
D023,Checklist: Ziekteverlof en gewaarborgd loon (NL) v1,checklist,T_ziekteverlof,NL,,P02,P02,2026-05-27,2026-05-27,1,104 weken doorbetaling,False,Ziekteverlof en gewaarborgd loon (NL). Regel: 104 weken doorbetaling. Checklist om niets te vergeten bij de verwerking.
D024,Beleid: Ziekteverlof en gewaarborgd loon (NL) v1,policy,T_ziekteverlof,NL,HR Advisory,P02,P02,2024-10-17,2024-10-17,1,104 weken doorbetaling,False,"Ziekteverlof en gewaarborgd loon (NL). Regel: 104 weken doorbetaling. Officieel beleid, goedgekeurd door de afdeling."
D025,Teams-gesprek: Ziekteverlof en gewaarborgd loon (NL) v2,chat,T_ziekteverlof,NL,HR Advisory,P02,,2025-10-06,2026-06-28,2,52 weken doorbetaling,False,"Ziekteverlof en gewaarborgd loon (NL). Regel: 52 weken doorbetaling. Informele uitleg uit een Teams-kanaal, niet formeel bevestigd."
D026,Analyse: Ziekteverlof en gewaarborgd loon (NL) v3,analysis,T_ziekteverlof,NL,,P03,,2025-04-19,2025-10-03,3,52 weken doorbetaling,False,Ziekteverlof en gewaarborgd loon (NL). Regel: 52 weken doorbetaling. Interne analyse met voorbeelden en randgevallen.
D027,Analyse: Ziekteverlof en gewaarborgd loon (NL) v1,analysis,T_ziekteverlof,NL,,P03,,2022-04-26,2022-04-26,1,104 weken doorbetaling,False,Ziekteverlof en gewaarborgd loon (NL). Regel: 104 weken doorbetaling. Interne analyse met voorbeelden en randgevallen.
D028,Teams-gesprek: Ziekteverlof en gewaarborgd loon (NL) v3,chat,T_ziekteverlof,NL,HR Advisory,P02,P02,2025-08-31,2026-09-05,3,104 weken doorbetaling,False,"Ziekteverlof en gewaarborgd loon (NL). Regel: 104 weken doorbetaling. Informele uitleg uit een Teams-kanaal, niet formeel bevestigd."
D029,Checklist: Ziekteverlof en gewaarborgd loon (NL) v2,checklist,T_ziekteverlof,NL,,P03,P03,2025-08-25,2026-08-12,2,104 weken doorbetaling,False,Ziekteverlof en gewaarborgd loon (NL). Regel: 104 weken doorbetaling. Checklist om niets te vergeten bij de verwerking.
D030,Checklist: Ziekteverlof en gewaarborgd loon (NL) v1,checklist,T_ziekteverlof,NL,HR Advisory,P04,P04,2025-03-18,2025-03-18,1,52 weken doorbetaling,False,Ziekteverlof en gewaarborgd loon (NL). Regel: 52 weken doorbetaling. Checklist om niets te vergeten bij de verwerking.
D031,Beleid: Ziekteverlof en gewaarborgd loon (NL) v1,policy,T_ziekteverlof,NL,HR Advisory,P02,P02,2026-07-05,2026-07-05,1,52 weken doorbetaling,False,"Ziekteverlof en gewaarborgd loon (NL). Regel: 52 weken doorbetaling. Officieel beleid, goedgekeurd door de afdeling."
D032,Handleiding: Ziekteverlof en gewaarborgd loon (DE) v1,manual,T_ziekteverlof,DE,HR Advisory,P27,P27,2025-07-19,2025-07-19,1,6 weken Entgeltfortzahlung,False,Ziekteverlof en gewaarborgd loon (DE). Regel: 6 weken Entgeltfortzahlung. Stap-voor-stap handleiding voor medewerkers.
D033,Checklist: Ziekteverlof en gewaarborgd loon (DE) v1,checklist,T_ziekteverlof,DE,,P02,P02,2025-02-25,2025-02-25,1,6 weken Entgeltfortzahlung,False,Ziekteverlof en gewaarborgd loon (DE). Regel: 6 weken Entgeltfortzahlung. Checklist om niets te vergeten bij de verwerking.
D034,Analyse: Ziekteverlof en gewaarborgd loon (DE) v2,analysis,T_ziekteverlof,DE,HR Advisory,P03,P03,2025-10-04,2026-08-11,2,6 weken Entgeltfortzahlung,False,Ziekteverlof en gewaarborgd loon (DE). Regel: 6 weken Entgeltfortzahlung. Interne analyse met voorbeelden en randgevallen.
D035,Beleid: Ziekteverlof en gewaarborgd loon (DE) v1,policy,T_ziekteverlof,DE,HR Advisory,P02,P02,2025-11-04,2025-11-04,1,6 weken Entgeltfortzahlung,True,"Ziekteverlof en gewaarborgd loon (DE). Regel: 6 weken Entgeltfortzahlung. Officieel beleid, goedgekeurd door de afdeling."
D036,Handleiding: Ziekteverlof en gewaarborgd loon (DE) v1,manual,T_ziekteverlof,DE,HR Advisory,P02,P02,2025-03-24,2025-03-24,1,6 weken Entgeltfortzahlung,False,Ziekteverlof en gewaarborgd loon (DE). Regel: 6 weken Entgeltfortzahlung. Stap-voor-stap handleiding voor medewerkers.
D037,Beleid: Ziekteverlof en gewaarborgd loon (DE) v1,policy,T_ziekteverlof,DE,HR Advisory,P02,P02,2023-08-24,2023-08-24,1,4 weken Entgeltfortzahlung,False,"Ziekteverlof en gewaarborgd loon (DE). Regel: 4 weken Entgeltfortzahlung. Officieel beleid, goedgekeurd door de afdeling."
D038,Handleiding: Ziekteverlof en gewaarborgd loon (DE) v3,manual,T_ziekteverlof,DE,,P03,P03,2024-06-27,2025-07-13,3,6 weken Entgeltfortzahlung,True,Ziekteverlof en gewaarborgd loon (DE). Regel: 6 weken Entgeltfortzahlung. Stap-voor-stap handleiding voor medewerkers.
D039,Beleid: Ziekteverlof en gewaarborgd loon (DE) v2,policy,T_ziekteverlof,DE,HR Advisory,P41,P41,2021-10-24,2022-06-18,2,6 weken Entgeltfortzahlung,False,"Ziekteverlof en gewaarborgd loon (DE). Regel: 6 weken Entgeltfortzahlung. Officieel beleid, goedgekeurd door de afdeling."
D040,Teams-gesprek: Ziekteverlof en gewaarborgd loon (DE) v1,chat,T_ziekteverlof,DE,HR Advisory,P02,P02,2026-03-07,2026-03-07,1,6 weken Entgeltfortzahlung,False,"Ziekteverlof en gewaarborgd loon (DE). Regel: 6 weken Entgeltfortzahlung. Informele uitleg uit een Teams-kanaal, niet formeel bevestigd."
D041,Checklist: Vakantiegeld (BE) v3,checklist,T_vakantiegeld,BE,Payroll,P06,P06,2026-07-25,2026-09-10,3,92 procent dubbel vakantiegeld,False,Vakantiegeld (BE). Regel: 92 procent dubbel vakantiegeld. Checklist om niets te vergeten bij de verwerking.
D042,Beleid: Vakantiegeld (BE) v3,policy,T_vakantiegeld,BE,Payroll,P07,P07,2022-06-09,2023-04-10,3,85 procent dubbel vakantiegeld,False,"Vakantiegeld (BE). Regel: 85 procent dubbel vakantiegeld. Officieel beleid, goedgekeurd door de afdeling."
D043,Beleid: Vakantiegeld (BE) v3,policy,T_vakantiegeld,BE,Payroll,P06,P06,2026-02-20,2026-04-12,3,85 procent dubbel vakantiegeld,False,"Vakantiegeld (BE). Regel: 85 procent dubbel vakantiegeld. Officieel beleid, goedgekeurd door de afdeling."
D044,Checklist: Vakantiegeld (BE) v3,checklist,T_vakantiegeld,BE,Payroll,P21,P21,2025-10-17,2026-04-04,3,92 procent dubbel vakantiegeld,False,Vakantiegeld (BE). Regel: 92 procent dubbel vakantiegeld. Checklist om niets te vergeten bij de verwerking.
D045,E-mail: Vakantiegeld (BE) v1,email,T_vakantiegeld,BE,Payroll,P06,P06,2025-10-20,2025-10-20,1,92 procent dubbel vakantiegeld,False,Vakantiegeld (BE). Regel: 92 procent dubbel vakantiegeld. Doorgestuurde e-mail van een collega met uitleg.
D046,Beleid: Vakantiegeld (BE) v1,policy,T_vakantiegeld,BE,Payroll,P07,,2026-07-30,2026-07-30,1,92 procent dubbel vakantiegeld,False,"Vakantiegeld (BE). Regel: 92 procent dubbel vakantiegeld. Officieel beleid, goedgekeurd door de afdeling."
D047,Beleid: Vakantiegeld (BE) v3,policy,T_vakantiegeld,BE,Payroll,P07,,2024-02-11,2025-01-21,3,92 procent dubbel vakantiegeld,False,"Vakantiegeld (BE). Regel: 92 procent dubbel vakantiegeld. Officieel beleid, goedgekeurd door de afdeling."
D048,Beleid: Vakantiegeld (BE) v1,policy,T_vakantiegeld,BE,,P07,,2025-10-11,2025-10-11,1,85 procent dubbel vakantiegeld,False,"Vakantiegeld (BE). Regel: 85 procent dubbel vakantiegeld. Officieel beleid, goedgekeurd door de afdeling."
D049,Checklist: Vakantiegeld (NL) v1,checklist,T_vakantiegeld,NL,Payroll,P04,P04,2026-06-24,2026-06-24,1,8 procent vakantiegeld,False,Vakantiegeld (NL). Regel: 8 procent vakantiegeld. Checklist om niets te vergeten bij de verwerking.
D050,Checklist: Vakantiegeld (NL) v2,checklist,T_vakantiegeld,NL,Payroll,P51,P51,2022-11-25,2023-08-04,2,7 procent vakantiegeld,False,Vakantiegeld (NL). Regel: 7 procent vakantiegeld. Checklist om niets te vergeten bij de verwerking.
D051,E-mail: Vakantiegeld (NL) v2,email,T_vakantiegeld,NL,Payroll,P07,P07,2026-01-20,2026-02-10,2,8 procent vakantiegeld,False,Vakantiegeld (NL). Regel: 8 procent vakantiegeld. Doorgestuurde e-mail van een collega met uitleg.
D052,Checklist: Vakantiegeld (NL) v2,checklist,T_vakantiegeld,NL,Payroll,P06,P06,2024-07-14,2025-01-13,2,8 procent vakantiegeld,False,Vakantiegeld (NL). Regel: 8 procent vakantiegeld. Checklist om niets te vergeten bij de verwerking.
D053,Teams-gesprek: Vakantiegeld (NL) v1,chat,T_vakantiegeld,NL,Payroll,P06,P06,2025-10-15,2025-10-15,1,7 procent vakantiegeld,False,"Vakantiegeld (NL). Regel: 7 procent vakantiegeld. Informele uitleg uit een Teams-kanaal, niet formeel bevestigd."
D054,Analyse: Vakantiegeld (DE) v1,analysis,T_vakantiegeld,DE,Payroll,P06,P06,2025-02-26,2025-02-26,1,geen wettelijk vakantiegeld,False,Vakantiegeld (DE). Regel: geen wettelijk vakantiegeld. Interne analyse met voorbeelden en randgevallen.
D055,Handleiding: Vakantiegeld (DE) v1,manual,T_vakantiegeld,DE,Payroll,P06,P06,2025-03-22,2025-03-22,1,geen wettelijk vakantiegeld,False,Vakantiegeld (DE). Regel: geen wettelijk vakantiegeld. Stap-voor-stap handleiding voor medewerkers.
D056,Beleid: Vakantiegeld (DE) v2,policy,T_vakantiegeld,DE,Payroll,P06,P06,2025-03-02,2025-11-17,2,1 maandsalaris vakantiegeld,False,"Vakantiegeld (DE). Regel: 1 maandsalaris vakantiegeld. Officieel beleid, goedgekeurd door de afdeling."
D057,Handleiding: Vakantiegeld (DE) v2,manual,T_vakantiegeld,DE,Payroll,P06,P06,2024-12-12,2025-12-01,2,geen wettelijk vakantiegeld,True,Vakantiegeld (DE). Regel: geen wettelijk vakantiegeld. Stap-voor-stap handleiding voor medewerkers.
D058,Analyse: Vakantiegeld (DE) v1,analysis,T_vakantiegeld,DE,,P07,P07,2025-08-29,2025-08-29,1,geen wettelijk vakantiegeld,False,Vakantiegeld (DE). Regel: geen wettelijk vakantiegeld. Interne analyse met voorbeelden en randgevallen.
D059,E-mail: Vakantiegeld (DE) v1,email,T_vakantiegeld,DE,,P06,P06,2025-03-06,2025-03-06,1,geen wettelijk vakantiegeld,False,Vakantiegeld (DE). Regel: geen wettelijk vakantiegeld. Doorgestuurde e-mail van een collega met uitleg.
D060,E-mail: Vakantiegeld (DE) v1,email,T_vakantiegeld,DE,Payroll,P06,,2026-07-19,2026-07-19,1,geen wettelijk vakantiegeld,False,Vakantiegeld (DE). Regel: geen wettelijk vakantiegeld. Doorgestuurde e-mail van een collega met uitleg.
D061,Teams-gesprek: Vakantiegeld (DE) v3,chat,T_vakantiegeld,DE,Payroll,P07,,2025-04-05,2026-02-01,3,geen wettelijk vakantiegeld,False,"Vakantiegeld (DE). Regel: geen wettelijk vakantiegeld. Informele uitleg uit een Teams-kanaal, niet formeel bevestigd."
D062,Beleid: Loonberekening en cut-off (BE) v2,policy,T_loonberekening,BE,,P08,P08,2025-09-07,2026-03-05,2,cut-off op de 20e,False,"Loonberekening en cut-off (BE). Regel: cut-off op de 20e. Officieel beleid, goedgekeurd door de afdeling."
D063,Handleiding: Loonberekening en cut-off (BE) v3,manual,T_loonberekening,BE,Payroll,P07,P07,2023-04-10,2023-04-27,3,cut-off op de 15e,False,Loonberekening en cut-off (BE). Regel: cut-off op de 15e. Stap-voor-stap handleiding voor medewerkers.
D064,Beleid: Loonberekening en cut-off (BE) v3,policy,T_loonberekening,BE,Payroll,P07,P07,2024-02-09,2024-10-21,3,cut-off op de 20e,False,"Loonberekening en cut-off (BE). Regel: cut-off op de 20e. Officieel beleid, goedgekeurd door de afdeling."
D065,Checklist: Loonberekening en cut-off (BE) v1,checklist,T_loonberekening,BE,Payroll,P07,P07,2025-11-05,2025-11-05,1,cut-off op de 15e,False,Loonberekening en cut-off (BE). Regel: cut-off op de 15e. Checklist om niets te vergeten bij de verwerking.
D066,Teams-gesprek: Loonberekening en cut-off (BE) v2,chat,T_loonberekening,BE,Payroll,P08,,2020-12-19,2021-11-23,2,cut-off op de 20e,False,"Loonberekening en cut-off (BE). Regel: cut-off op de 20e. Informele uitleg uit een Teams-kanaal, niet formeel bevestigd."
D067,Beleid: Loonberekening en cut-off (BE) v2,policy,T_loonberekening,BE,,P07,P07,2025-01-03,2025-09-03,2,cut-off op de 20e,True,"Loonberekening en cut-off (BE). Regel: cut-off op de 20e. Officieel beleid, goedgekeurd door de afdeling."
D068,Handleiding: Loonberekening en cut-off (BE) v3,manual,T_loonberekening,BE,Payroll,P08,P08,2024-07-08,2025-05-25,3,cut-off op de 15e,False,Loonberekening en cut-off (BE). Regel: cut-off op de 15e. Stap-voor-stap handleiding voor medewerkers.
D069,Handleiding: Loonberekening en cut-off (BE) v2,manual,T_loonberekening,BE,,P08,P08,2025-04-16,2025-11-04,2,cut-off op de 20e,True,Loonberekening en cut-off (BE). Regel: cut-off op de 20e. Stap-voor-stap handleiding voor medewerkers.
D070,Handleiding: Loonberekening en cut-off (NL) v2,manual,T_loonberekening,NL,Payroll,P07,P07,2025-11-20,2026-04-07,2,cut-off op de 18e,True,Loonberekening en cut-off (NL). Regel: cut-off op de 18e. Stap-voor-stap handleiding voor medewerkers.
D071,Beleid: Loonberekening en cut-off (NL) v1,policy,T_loonberekening,NL,Payroll,P07,P07,2026-06-22,2026-06-22,1,cut-off op de 18e,True,"Loonberekening en cut-off (NL). Regel: cut-off op de 18e. Officieel beleid, goedgekeurd door de afdeling."
D072,Beleid: Loonberekening en cut-off (NL) v3,policy,T_loonberekening,NL,,P07,P07,2025-09-24,2026-02-18,3,cut-off op de 18e,True,"Loonberekening en cut-off (NL). Regel: cut-off op de 18e. Officieel beleid, goedgekeurd door de afdeling."
D073,Checklist: Loonberekening en cut-off (NL) v1,checklist,T_loonberekening,NL,Payroll,P08,,2026-07-11,2026-07-11,1,cut-off op de 18e,False,Loonberekening en cut-off (NL). Regel: cut-off op de 18e. Checklist om niets te vergeten bij de verwerking.
D074,Checklist: Loonberekening en cut-off (NL) v2,checklist,T_loonberekening,NL,Payroll,P07,P07,2025-04-07,2025-12-31,2,cut-off op de 18e,False,Loonberekening en cut-off (NL). Regel: cut-off op de 18e. Checklist om niets te vergeten bij de verwerking.
D075,Beleid: Loonberekening en cut-off (NL) v2,policy,T_loonberekening,NL,Payroll,P07,P07,2025-09-25,2026-09-14,2,cut-off op de 18e,True,"Loonberekening en cut-off (NL). Regel: cut-off op de 18e. Officieel beleid, goedgekeurd door de afdeling."
D076,Beleid: Loonberekening en cut-off (NL) v2,policy,T_loonberekening,NL,Payroll,P10,P10,2024-09-28,2024-11-21,2,cut-off op de 18e,False,"Loonberekening en cut-off (NL). Regel: cut-off op de 18e. Officieel beleid, goedgekeurd door de afdeling."
D077,Checklist: Loonberekening en cut-off (NL) v2,checklist,T_loonberekening,NL,,P07,P07,2026-05-22,2026-08-10,2,cut-off op de 18e,False,Loonberekening en cut-off (NL). Regel: cut-off op de 18e. Checklist om niets te vergeten bij de verwerking.
D078,Beleid: Loonberekening en cut-off (NL) v3,policy,T_loonberekening,NL,Payroll,P10,P10,2025-12-21,2026-04-13,3,cut-off op de 18e,True,"Loonberekening en cut-off (NL). Regel: cut-off op de 18e. Officieel beleid, goedgekeurd door de afdeling."
D079,Beleid: Loonberekening en cut-off (DE) v3,policy,T_loonberekening,DE,Payroll,P07,P07,2025-08-24,2026-07-31,3,cut-off op de 22e,False,"Loonberekening en cut-off (DE). Regel: cut-off op de 22e. Officieel beleid, goedgekeurd door de afdeling."
D080,Handleiding: Loonberekening en cut-off (DE) v1,manual,T_loonberekening,DE,Payroll,P08,P08,2025-03-14,2025-03-14,1,cut-off op de 25e,False,Loonberekening en cut-off (DE). Regel: cut-off op de 25e. Stap-voor-stap handleiding voor medewerkers.
D081,Handleiding: Loonberekening en cut-off (DE) v1,manual,T_loonberekening,DE,Payroll,P08,P08,2023-09-29,2023-09-29,1,cut-off op de 22e,False,Loonberekening en cut-off (DE). Regel: cut-off op de 22e. Stap-voor-stap handleiding voor medewerkers.
D082,Checklist: Loonberekening en cut-off (DE) v1,checklist,T_loonberekening,DE,,P07,P07,2025-12-27,2025-12-27,1,cut-off op de 22e,False,Loonberekening en cut-off (DE). Regel: cut-off op de 22e. Checklist om niets te vergeten bij de verwerking.
D083,Beleid: Loonberekening en cut-off (DE) v1,policy,T_loonberekening,DE,Payroll,P07,,2026-05-02,2026-05-02,1,cut-off op de 22e,False,"Loonberekening en cut-off (DE). Regel: cut-off op de 22e. Officieel beleid, goedgekeurd door de afdeling."
D084,Beleid: Loonberekening en cut-off (DE) v2,policy,T_loonberekening,DE,,P07,,2025-05-24,2026-05-04,2,cut-off op de 22e,True,"Loonberekening en cut-off (DE). Regel: cut-off op de 22e. Officieel beleid, goedgekeurd door de afdeling."
D085,Beleid: Loonberekening en cut-off (DE) v1,policy,T_loonberekening,DE,Payroll,P08,P08,2025-10-22,2025-10-22,1,cut-off op de 22e,True,"Loonberekening en cut-off (DE). Regel: cut-off op de 22e. Officieel beleid, goedgekeurd door de afdeling."
D086,Beleid: Bedrijfswagen en voordeel alle aard (NL) v3,policy,T_bedrijfswagen,NL,Payroll,P06,,2025-10-08,2026-07-19,3,bijtelling 22 procent,False,"Bedrijfswagen en voordeel alle aard (NL). Regel: bijtelling 22 procent. Officieel beleid, goedgekeurd door de afdeling."
D087,Beleid: Bedrijfswagen en voordeel alle aard (NL) v3,policy,T_bedrijfswagen,NL,,P06,,2024-04-03,2024-12-07,3,bijtelling 22 procent,False,"Bedrijfswagen en voordeel alle aard (NL). Regel: bijtelling 22 procent. Officieel beleid, goedgekeurd door de afdeling."
D088,Beleid: Bedrijfswagen en voordeel alle aard (NL) v3,policy,T_bedrijfswagen,NL,Payroll,P06,P06,2023-01-08,2023-11-13,3,bijtelling 22 procent,False,"Bedrijfswagen en voordeel alle aard (NL). Regel: bijtelling 22 procent. Officieel beleid, goedgekeurd door de afdeling."
D089,E-mail: Bedrijfswagen en voordeel alle aard (NL) v1,email,T_bedrijfswagen,NL,Payroll,P06,,2025-08-04,2025-08-04,1,bijtelling 22 procent,False,Bedrijfswagen en voordeel alle aard (NL). Regel: bijtelling 22 procent. Doorgestuurde e-mail van een collega met uitleg.
D090,Teams-gesprek: Bedrijfswagen en voordeel alle aard (NL) v1,chat,T_bedrijfswagen,NL,Payroll,P06,,2025-01-29,2025-01-29,1,bijtelling 22 procent,False,"Bedrijfswagen en voordeel alle aard (NL). Regel: bijtelling 22 procent. Informele uitleg uit een Teams-kanaal, niet formeel bevestigd."
D091,Beleid: Bedrijfswagen en voordeel alle aard (NL) v1,policy,T_bedrijfswagen,NL,Payroll,P06,P06,2026-01-31,2026-01-31,1,bijtelling 22 procent,False,"Bedrijfswagen en voordeel alle aard (NL). Regel: bijtelling 22 procent. Officieel beleid, goedgekeurd door de afdeling."
D092,Beleid: Bedrijfswagen en voordeel alle aard (DE) v2,policy,T_bedrijfswagen,DE,Payroll,P06,,2025-10-04,2026-05-25,2,1-procent-regel,False,"Bedrijfswagen en voordeel alle aard (DE). Regel: 1-procent-regel. Officieel beleid, goedgekeurd door de afdeling."
D093,Beleid: Bedrijfswagen en voordeel alle aard (DE) v1,policy,T_bedrijfswagen,DE,Payroll,P06,,2025-04-29,2025-04-29,1,1-procent-regel,False,"Bedrijfswagen en voordeel alle aard (DE). Regel: 1-procent-regel. Officieel beleid, goedgekeurd door de afdeling."
D094,Checklist: Bedrijfswagen en voordeel alle aard (DE) v1,checklist,T_bedrijfswagen,DE,Payroll,P06,P06,2026-08-15,2026-08-15,1,1-procent-regel,False,Bedrijfswagen en voordeel alle aard (DE). Regel: 1-procent-regel. Checklist om niets te vergeten bij de verwerking.
D095,Checklist: Bedrijfswagen en voordeel alle aard (DE) v3,checklist,T_bedrijfswagen,DE,Payroll,P06,P06,2024-08-24,2025-03-17,3,1-procent-regel,False,Bedrijfswagen en voordeel alle aard (DE). Regel: 1-procent-regel. Checklist om niets te vergeten bij de verwerking.
D096,Beleid: Bedrijfswagen en voordeel alle aard (DE) v2,policy,T_bedrijfswagen,DE,Payroll,P06,P06,2025-12-09,2026-02-06,2,1-procent-regel,False,"Bedrijfswagen en voordeel alle aard (DE). Regel: 1-procent-regel. Officieel beleid, goedgekeurd door de afdeling."
D097,Beleid: Pensioenleeftijd en regeling (NL) v3,policy,T_pensioen,NL,Legal & Compliance,P15,P15,2022-08-26,2023-05-11,3,AOW-leeftijd 67 jaar,False,"Pensioenleeftijd en regeling (NL). Regel: AOW-leeftijd 67 jaar. Officieel beleid, goedgekeurd door de afdeling."
D098,Handleiding: Pensioenleeftijd en regeling (NL) v2,manual,T_pensioen,NL,Legal & Compliance,P15,P15,2022-11-16,2023-10-26,2,AOW-leeftijd 67 jaar,False,Pensioenleeftijd en regeling (NL). Regel: AOW-leeftijd 67 jaar. Stap-voor-stap handleiding voor medewerkers.
D099,Beleid: Pensioenleeftijd en regeling (NL) v3,policy,T_pensioen,NL,Legal & Compliance,P15,P15,2022-09-10,2023-05-19,3,AOW-leeftijd 66 jaar,False,"Pensioenleeftijd en regeling (NL). Regel: AOW-leeftijd 66 jaar. Officieel beleid, goedgekeurd door de afdeling."
D100,Handleiding: Pensioenleeftijd en regeling (NL) v2,manual,T_pensioen,NL,Legal & Compliance,P12,P12,2020-11-25,2021-04-09,2,AOW-leeftijd 66 jaar,False,Pensioenleeftijd en regeling (NL). Regel: AOW-leeftijd 66 jaar. Stap-voor-stap handleiding voor medewerkers.
D101,Handleiding: Pensioenleeftijd en regeling (NL) v2,manual,T_pensioen,NL,,P12,P12,2025-01-26,2025-08-03,2,AOW-leeftijd 67 jaar,False,Pensioenleeftijd en regeling (NL). Regel: AOW-leeftijd 67 jaar. Stap-voor-stap handleiding voor medewerkers.
D102,E-mail: Pensioenleeftijd en regeling (NL) v3,email,T_pensioen,NL,,P15,,2026-03-03,2026-03-06,3,AOW-leeftijd 67 jaar,False,Pensioenleeftijd en regeling (NL). Regel: AOW-leeftijd 67 jaar. Doorgestuurde e-mail van een collega met uitleg.
D103,Analyse: Pensioenleeftijd en regeling (NL) v2,analysis,T_pensioen,NL,Legal & Compliance,P15,P15,2024-09-09,2025-07-15,2,AOW-leeftijd 66 jaar,False,Pensioenleeftijd en regeling (NL). Regel: AOW-leeftijd 66 jaar. Interne analyse met voorbeelden en randgevallen.
D104,Analyse: Pensioenleeftijd en regeling (DE) v3,analysis,T_pensioen,DE,,P15,P15,2025-06-24,2026-05-28,3,regelaltersgrenze 65 jaar,False,Pensioenleeftijd en regeling (DE). Regel: regelaltersgrenze 65 jaar. Interne analyse met voorbeelden en randgevallen.
D105,Checklist: Pensioenleeftijd en regeling (DE) v3,checklist,T_pensioen,DE,Legal & Compliance,P12,P12,2025-10-06,2026-02-01,3,regelaltersgrenze 67 jaar,False,Pensioenleeftijd en regeling (DE). Regel: regelaltersgrenze 67 jaar. Checklist om niets te vergeten bij de verwerking.
D106,Handleiding: Pensioenleeftijd en regeling (DE) v3,manual,T_pensioen,DE,Legal & Compliance,P12,P12,2025-01-14,2025-02-23,3,regelaltersgrenze 67 jaar,False,Pensioenleeftijd en regeling (DE). Regel: regelaltersgrenze 67 jaar. Stap-voor-stap handleiding voor medewerkers.
D107,Beleid: Pensioenleeftijd en regeling (DE) v2,policy,T_pensioen,DE,Legal & Compliance,P15,P15,2025-06-07,2026-05-22,2,regelaltersgrenze 67 jaar,True,"Pensioenleeftijd en regeling (DE). Regel: regelaltersgrenze 67 jaar. Officieel beleid, goedgekeurd door de afdeling."
D108,Handleiding: Pensioenleeftijd en regeling (DE) v1,manual,T_pensioen,DE,Legal & Compliance,P12,P12,2024-12-17,2024-12-17,1,regelaltersgrenze 65 jaar,False,Pensioenleeftijd en regeling (DE). Regel: regelaltersgrenze 65 jaar. Stap-voor-stap handleiding voor medewerkers.
D109,Handleiding: Pensioenleeftijd en regeling (DE) v2,manual,T_pensioen,DE,Legal & Compliance,P15,P15,2024-11-09,2025-10-08,2,regelaltersgrenze 67 jaar,True,Pensioenleeftijd en regeling (DE). Regel: regelaltersgrenze 67 jaar. Stap-voor-stap handleiding voor medewerkers.
D110,Beleid: Pensioenleeftijd en regeling (DE) v3,policy,T_pensioen,DE,Legal & Compliance,P15,P15,2023-11-15,2024-11-15,3,regelaltersgrenze 65 jaar,False,"Pensioenleeftijd en regeling (DE). Regel: regelaltersgrenze 65 jaar. Officieel beleid, goedgekeurd door de afdeling."
D111,Handleiding: Pensioenleeftijd en regeling (DE) v2,manual,T_pensioen,DE,Legal & Compliance,P12,P12,2024-05-11,2025-04-11,2,regelaltersgrenze 65 jaar,False,Pensioenleeftijd en regeling (DE). Regel: regelaltersgrenze 65 jaar. Stap-voor-stap handleiding voor medewerkers.
D112,Analyse: Pensioenleeftijd en regeling (DE) v1,analysis,T_pensioen,DE,Legal & Compliance,P15,P15,2026-06-05,2026-06-05,1,regelaltersgrenze 67 jaar,False,Pensioenleeftijd en regeling (DE). Regel: regelaltersgrenze 67 jaar. Interne analyse met voorbeelden en randgevallen.
D113,Beleid: Pensioenleeftijd en regeling (DE) v2,policy,T_pensioen,DE,,P12,P12,2024-12-17,2025-06-18,2,regelaltersgrenze 67 jaar,False,"Pensioenleeftijd en regeling (DE). Regel: regelaltersgrenze 67 jaar. Officieel beleid, goedgekeurd door de afdeling."
D114,Beleid: Bewaartermijn loonadministratie (GDPR) (BE) v1,policy,T_gdpr_loon,BE,Legal & Compliance,P13,P13,2025-09-16,2025-09-16,1,bewaartermijn 7 jaar,True,"Bewaartermijn loonadministratie (GDPR) (BE). Regel: bewaartermijn 7 jaar. Officieel beleid, goedgekeurd door de afdeling."
D115,Checklist: Bewaartermijn loonadministratie (GDPR) (BE) v3,checklist,T_gdpr_loon,BE,,P13,P13,2024-08-02,2025-01-28,3,bewaartermijn 5 jaar,False,Bewaartermijn loonadministratie (GDPR) (BE). Regel: bewaartermijn 5 jaar. Checklist om niets te vergeten bij de verwerking.
D116,E-mail: Bewaartermijn loonadministratie (GDPR) (BE) v3,email,T_gdpr_loon,BE,Legal & Compliance,P12,P12,2025-04-10,2025-11-20,3,bewaartermijn 7 jaar,False,Bewaartermijn loonadministratie (GDPR) (BE). Regel: bewaartermijn 7 jaar. Doorgestuurde e-mail van een collega met uitleg.
D117,Teams-gesprek: Bewaartermijn loonadministratie (GDPR) (BE) v1,chat,T_gdpr_loon,BE,Legal & Compliance,P12,P12,2025-06-22,2025-06-22,1,bewaartermijn 7 jaar,False,"Bewaartermijn loonadministratie (GDPR) (BE). Regel: bewaartermijn 7 jaar. Informele uitleg uit een Teams-kanaal, niet formeel bevestigd."
D118,Beleid: Bewaartermijn loonadministratie (GDPR) (BE) v1,policy,T_gdpr_loon,BE,Legal & Compliance,P08,P08,2024-10-03,2024-10-03,1,bewaartermijn 7 jaar,False,"Bewaartermijn loonadministratie (GDPR) (BE). Regel: bewaartermijn 7 jaar. Officieel beleid, goedgekeurd door de afdeling."
D119,E-mail: Bewaartermijn loonadministratie (GDPR) (BE) v3,email,T_gdpr_loon,BE,Legal & Compliance,P12,,2025-05-17,2026-05-17,3,bewaartermijn 5 jaar,False,Bewaartermijn loonadministratie (GDPR) (BE). Regel: bewaartermijn 5 jaar. Doorgestuurde e-mail van een collega met uitleg.
D120,Beleid: Bewaartermijn loonadministratie (GDPR) (BE) v3,policy,T_gdpr_loon,BE,Legal & Compliance,P12,P12,2024-01-19,2024-11-01,3,bewaartermijn 7 jaar,False,"Bewaartermijn loonadministratie (GDPR) (BE). Regel: bewaartermijn 7 jaar. Officieel beleid, goedgekeurd door de afdeling."
D121,Handleiding: Bewaartermijn loonadministratie (GDPR) (BE) v3,manual,T_gdpr_loon,BE,Legal & Compliance,P13,P13,2025-02-13,2026-01-17,3,bewaartermijn 7 jaar,True,Bewaartermijn loonadministratie (GDPR) (BE). Regel: bewaartermijn 7 jaar. Stap-voor-stap handleiding voor medewerkers.
D122,Handleiding: Bewaartermijn loonadministratie (GDPR) (BE) v3,manual,T_gdpr_loon,BE,Legal & Compliance,P12,P12,2023-12-01,2024-04-05,3,bewaartermijn 7 jaar,False,Bewaartermijn loonadministratie (GDPR) (BE). Regel: bewaartermijn 7 jaar. Stap-voor-stap handleiding voor medewerkers.
D123,Analyse: Bewaartermijn loonadministratie (GDPR) (NL) v2,analysis,T_gdpr_loon,NL,Legal & Compliance,P12,P12,2026-02-22,2026-06-17,2,bewaartermijn 7 jaar,False,Bewaartermijn loonadministratie (GDPR) (NL). Regel: bewaartermijn 7 jaar. Interne analyse met voorbeelden en randgevallen.
D124,Beleid: Bewaartermijn loonadministratie (GDPR) (NL) v1,policy,T_gdpr_loon,NL,,P14,P14,2025-01-28,2025-01-28,1,bewaartermijn 2 jaar,False,"Bewaartermijn loonadministratie (GDPR) (NL). Regel: bewaartermijn 2 jaar. Officieel beleid, goedgekeurd door de afdeling."
D125,Teams-gesprek: Bewaartermijn loonadministratie (GDPR) (NL) v1,chat,T_gdpr_loon,NL,Legal & Compliance,P23,,2023-05-05,2023-05-05,1,bewaartermijn 7 jaar,False,"Bewaartermijn loonadministratie (GDPR) (NL). Regel: bewaartermijn 7 jaar. Informele uitleg uit een Teams-kanaal, niet formeel bevestigd."
D126,Beleid: Bewaartermijn loonadministratie (GDPR) (NL) v1,policy,T_gdpr_loon,NL,Legal & Compliance,P12,P12,2023-08-10,2023-08-10,1,bewaartermijn 7 jaar,False,"Bewaartermijn loonadministratie (GDPR) (NL). Regel: bewaartermijn 7 jaar. Officieel beleid, goedgekeurd door de afdeling."
D127,Beleid: Bewaartermijn loonadministratie (GDPR) (NL) v1,policy,T_gdpr_loon,NL,Legal & Compliance,P12,P12,2025-06-26,2025-06-26,1,bewaartermijn 2 jaar,False,"Bewaartermijn loonadministratie (GDPR) (NL). Regel: bewaartermijn 2 jaar. Officieel beleid, goedgekeurd door de afdeling."
D128,Checklist: Bewaartermijn loonadministratie (GDPR) (NL) v2,checklist,T_gdpr_loon,NL,Legal & Compliance,P12,P12,2025-01-20,2025-05-28,2,bewaartermijn 7 jaar,False,Bewaartermijn loonadministratie (GDPR) (NL). Regel: bewaartermijn 7 jaar. Checklist om niets te vergeten bij de verwerking.
D129,Handleiding: Bewaartermijn loonadministratie (GDPR) (NL) v1,manual,T_gdpr_loon,NL,Legal & Compliance,P13,P13,2024-11-02,2024-11-02,1,bewaartermijn 7 jaar,False,Bewaartermijn loonadministratie (GDPR) (NL). Regel: bewaartermijn 7 jaar. Stap-voor-stap handleiding voor medewerkers.
D130,Handleiding: Bewaartermijn loonadministratie (GDPR) (NL) v3,manual,T_gdpr_loon,NL,Legal & Compliance,P14,P14,2024-05-20,2024-06-27,3,bewaartermijn 7 jaar,False,Bewaartermijn loonadministratie (GDPR) (NL). Regel: bewaartermijn 7 jaar. Stap-voor-stap handleiding voor medewerkers.
D131,Beleid: Bewaartermijn loonadministratie (GDPR) (NL) v2,policy,T_gdpr_loon,NL,,P06,P06,2024-10-29,2025-03-13,2,bewaartermijn 2 jaar,False,"Bewaartermijn loonadministratie (GDPR) (NL). Regel: bewaartermijn 2 jaar. Officieel beleid, goedgekeurd door de afdeling."
D132,E-mail: Bewaartermijn loonadministratie (GDPR) (NL) v2,email,T_gdpr_loon,NL,,P12,P12,2025-03-28,2025-09-13,2,bewaartermijn 7 jaar,False,Bewaartermijn loonadministratie (GDPR) (NL). Regel: bewaartermijn 7 jaar. Doorgestuurde e-mail van een collega met uitleg.
D133,Teams-gesprek: Bewaartermijn loonadministratie (GDPR) (DE) v2,chat,T_gdpr_loon,DE,Legal & Compliance,P12,,2025-04-23,2025-07-15,2,bewaartermijn 10 jaar,False,"Bewaartermijn loonadministratie (GDPR) (DE). Regel: bewaartermijn 10 jaar. Informele uitleg uit een Teams-kanaal, niet formeel bevestigd."
D134,Teams-gesprek: Bewaartermijn loonadministratie (GDPR) (DE) v3,chat,T_gdpr_loon,DE,Legal & Compliance,P13,,2024-07-30,2024-09-22,3,bewaartermijn 6 jaar,False,"Bewaartermijn loonadministratie (GDPR) (DE). Regel: bewaartermijn 6 jaar. Informele uitleg uit een Teams-kanaal, niet formeel bevestigd."
D135,Checklist: Bewaartermijn loonadministratie (GDPR) (DE) v2,checklist,T_gdpr_loon,DE,Legal & Compliance,P14,P14,2023-12-30,2024-09-17,2,bewaartermijn 10 jaar,False,Bewaartermijn loonadministratie (GDPR) (DE). Regel: bewaartermijn 10 jaar. Checklist om niets te vergeten bij de verwerking.
D136,Beleid: Bewaartermijn loonadministratie (GDPR) (DE) v3,policy,T_gdpr_loon,DE,,P13,,2025-11-22,2026-07-20,3,bewaartermijn 10 jaar,True,"Bewaartermijn loonadministratie (GDPR) (DE). Regel: bewaartermijn 10 jaar. Officieel beleid, goedgekeurd door de afdeling."
D137,Handleiding: Bewaartermijn loonadministratie (GDPR) (DE) v1,manual,T_gdpr_loon,DE,Legal & Compliance,P12,P12,2025-09-20,2025-09-20,1,bewaartermijn 10 jaar,True,Bewaartermijn loonadministratie (GDPR) (DE). Regel: bewaartermijn 10 jaar. Stap-voor-stap handleiding voor medewerkers.
D138,Handleiding: Bewaartermijn loonadministratie (GDPR) (DE) v3,manual,T_gdpr_loon,DE,Legal & Compliance,P36,P36,2023-10-04,2024-06-18,3,bewaartermijn 6 jaar,False,Bewaartermijn loonadministratie (GDPR) (DE). Regel: bewaartermijn 6 jaar. Stap-voor-stap handleiding voor medewerkers.
D139,Beleid: Bewaartermijn loonadministratie (GDPR) (DE) v2,policy,T_gdpr_loon,DE,Legal & Compliance,P12,P12,2025-07-12,2025-09-28,2,bewaartermijn 10 jaar,True,"Bewaartermijn loonadministratie (GDPR) (DE). Regel: bewaartermijn 10 jaar. Officieel beleid, goedgekeurd door de afdeling."
D140,Beleid: Klant-onboarding (BE) v3,policy,T_klant_onboarding,BE,Customer Success,P16,P16,2026-01-02,2026-05-19,3,onboarding in 10 werkdagen,False,"Klant-onboarding (BE). Regel: onboarding in 10 werkdagen. Officieel beleid, goedgekeurd door de afdeling."
D141,Beleid: Klant-onboarding (BE) v2,policy,T_klant_onboarding,BE,,P20,P20,2020-06-12,2021-04-09,2,onboarding in 20 werkdagen,False,"Klant-onboarding (BE). Regel: onboarding in 20 werkdagen. Officieel beleid, goedgekeurd door de afdeling."
D142,Beleid: Klant-onboarding (BE) v1,policy,T_klant_onboarding,BE,Customer Success,P19,P19,2026-09-09,2026-09-09,1,onboarding in 10 werkdagen,True,"Klant-onboarding (BE). Regel: onboarding in 10 werkdagen. Officieel beleid, goedgekeurd door de afdeling."
D143,Beleid: Klant-onboarding (BE) v1,policy,T_klant_onboarding,BE,Customer Success,P19,P19,2024-12-19,2024-12-19,1,onboarding in 10 werkdagen,False,"Klant-onboarding (BE). Regel: onboarding in 10 werkdagen. Officieel beleid, goedgekeurd door de afdeling."
D144,Handleiding: Klant-onboarding (BE) v2,manual,T_klant_onboarding,BE,Customer Success,P16,P16,2025-08-14,2026-09-10,2,onboarding in 10 werkdagen,True,Klant-onboarding (BE). Regel: onboarding in 10 werkdagen. Stap-voor-stap handleiding voor medewerkers.
D145,E-mail: Klant-onboarding (BE) v1,email,T_klant_onboarding,BE,Customer Success,P19,P19,2026-05-09,2026-05-09,1,onboarding in 10 werkdagen,False,Klant-onboarding (BE). Regel: onboarding in 10 werkdagen. Doorgestuurde e-mail van een collega met uitleg.
D146,Handleiding: Klant-onboarding (NL) v2,manual,T_klant_onboarding,NL,Customer Success,P16,P16,2024-03-12,2024-04-09,2,onboarding in 10 werkdagen,False,Klant-onboarding (NL). Regel: onboarding in 10 werkdagen. Stap-voor-stap handleiding voor medewerkers.
D147,Beleid: Klant-onboarding (NL) v2,policy,T_klant_onboarding,NL,Customer Success,P16,P16,2025-06-16,2026-01-12,2,onboarding in 10 werkdagen,True,"Klant-onboarding (NL). Regel: onboarding in 10 werkdagen. Officieel beleid, goedgekeurd door de afdeling."
D148,Analyse: Klant-onboarding (NL) v3,analysis,T_klant_onboarding,NL,Customer Success,P16,P16,2023-09-19,2024-10-14,3,onboarding in 15 werkdagen,False,Klant-onboarding (NL). Regel: onboarding in 15 werkdagen. Interne analyse met voorbeelden en randgevallen.
D149,Beleid: Klant-onboarding (NL) v1,policy,T_klant_onboarding,NL,Customer Success,P20,P20,2022-12-12,2022-12-12,1,onboarding in 15 werkdagen,False,"Klant-onboarding (NL). Regel: onboarding in 15 werkdagen. Officieel beleid, goedgekeurd door de afdeling."
D150,Beleid: Klant-onboarding (NL) v2,policy,T_klant_onboarding,NL,Customer Success,P16,P16,2024-06-23,2025-04-28,2,onboarding in 10 werkdagen,False,"Klant-onboarding (NL). Regel: onboarding in 10 werkdagen. Officieel beleid, goedgekeurd door de afdeling."
D151,Handleiding: Klant-onboarding (NL) v2,manual,T_klant_onboarding,NL,Customer Success,P16,P16,2024-11-27,2025-04-25,2,onboarding in 10 werkdagen,False,Klant-onboarding (NL). Regel: onboarding in 10 werkdagen. Stap-voor-stap handleiding voor medewerkers.
D152,Beleid: Klant-onboarding (NL) v1,policy,T_klant_onboarding,NL,Customer Success,P19,P19,2024-11-02,2024-11-02,1,onboarding in 10 werkdagen,False,"Klant-onboarding (NL). Regel: onboarding in 10 werkdagen. Officieel beleid, goedgekeurd door de afdeling."
D153,Beleid: Klant-onboarding (NL) v2,policy,T_klant_onboarding,NL,Customer Success,P20,,2023-12-29,2024-07-18,2,onboarding in 15 werkdagen,False,"Klant-onboarding (NL). Regel: onboarding in 15 werkdagen. Officieel beleid, goedgekeurd door de afdeling."
D154,Checklist: Klant-onboarding (NL) v2,checklist,T_klant_onboarding,NL,Customer Success,P16,P16,2025-03-14,2026-03-21,2,onboarding in 10 werkdagen,False,Klant-onboarding (NL). Regel: onboarding in 10 werkdagen. Checklist om niets te vergeten bij de verwerking.
D155,Beleid: Klant-onboarding (DE) v1,policy,T_klant_onboarding,DE,Customer Success,P16,P16,2024-08-24,2024-08-24,1,onboarding in 25 werkdagen,False,"Klant-onboarding (DE). Regel: onboarding in 25 werkdagen. Officieel beleid, goedgekeurd door de afdeling."
D156,Checklist: Klant-onboarding (DE) v1,checklist,T_klant_onboarding,DE,Customer Success,P16,P16,2021-04-09,2021-04-09,1,onboarding in 25 werkdagen,False,Klant-onboarding (DE). Regel: onboarding in 25 werkdagen. Checklist om niets te vergeten bij de verwerking.
D157,Analyse: Klant-onboarding (DE) v3,analysis,T_klant_onboarding,DE,Customer Success,P16,P16,2025-02-06,2025-03-25,3,onboarding in 25 werkdagen,False,Klant-onboarding (DE). Regel: onboarding in 25 werkdagen. Interne analyse met voorbeelden en randgevallen.
D158,Beleid: Klant-onboarding (DE) v3,policy,T_klant_onboarding,DE,Customer Success,P16,P16,2022-02-26,2022-03-23,3,onboarding in 25 werkdagen,False,"Klant-onboarding (DE). Regel: onboarding in 25 werkdagen. Officieel beleid, goedgekeurd door de afdeling."
D159,Analyse: Klant-onboarding (DE) v2,analysis,T_klant_onboarding,DE,Customer Success,P16,P16,2023-07-18,2024-06-14,2,onboarding in 25 werkdagen,False,Klant-onboarding (DE). Regel: onboarding in 25 werkdagen. Interne analyse met voorbeelden en randgevallen.
D160,Analyse: Klant-onboarding (DE) v1,analysis,T_klant_onboarding,DE,Customer Success,P16,P16,2025-02-16,2025-02-16,1,onboarding in 25 werkdagen,False,Klant-onboarding (DE). Regel: onboarding in 25 werkdagen. Interne analyse met voorbeelden en randgevallen.
D161,Teams-gesprek: Eindejaarspremie en dertiende maand (BE) v1,chat,T_dertiende_maand,BE,Payroll,P48,P48,2025-10-06,2025-10-06,1,eindejaarspremie van 1 maandloon,False,"Eindejaarspremie en dertiende maand (BE). Regel: eindejaarspremie van 1 maandloon. Informele uitleg uit een Teams-kanaal, niet formeel bevestigd."
D162,Analyse: Eindejaarspremie en dertiende maand (BE) v2,analysis,T_dertiende_maand,BE,Payroll,P29,P29,2022-03-31,2023-04-09,2,"eindejaarspremie van 0,5 maandloon",False,"Eindejaarspremie en dertiende maand (BE). Regel: eindejaarspremie van 0,5 maandloon. Interne analyse met voorbeelden en randgevallen."
D163,Analyse: Eindejaarspremie en dertiende maand (BE) v1,analysis,T_dertiende_maand,BE,Payroll,P10,P10,2023-11-17,2023-11-17,1,"eindejaarspremie van 0,5 maandloon",False,"Eindejaarspremie en dertiende maand (BE). Regel: eindejaarspremie van 0,5 maandloon. Interne analyse met voorbeelden en randgevallen."
D164,Handleiding: Eindejaarspremie en dertiende maand (BE) v1,manual,T_dertiende_maand,BE,Payroll,P11,P11,2025-08-11,2025-08-11,1,eindejaarspremie van 1 maandloon,False,Eindejaarspremie en dertiende maand (BE). Regel: eindejaarspremie van 1 maandloon. Stap-voor-stap handleiding voor medewerkers.
D165,Beleid: Eindejaarspremie en dertiende maand (BE) v1,policy,T_dertiende_maand,BE,Payroll,P21,P21,2024-03-22,2024-03-22,1,"eindejaarspremie van 0,5 maandloon",False,"Eindejaarspremie en dertiende maand (BE). Regel: eindejaarspremie van 0,5 maandloon. Officieel beleid, goedgekeurd door de afdeling."
D166,Checklist: Eindejaarspremie en dertiende maand (BE) v3,checklist,T_dertiende_maand,BE,Payroll,P21,P21,2026-03-11,2026-04-22,3,eindejaarspremie van 1 maandloon,False,Eindejaarspremie en dertiende maand (BE). Regel: eindejaarspremie van 1 maandloon. Checklist om niets te vergeten bij de verwerking.
D167,Handleiding: Eindejaarspremie en dertiende maand (BE) v3,manual,T_dertiende_maand,BE,Payroll,P21,P21,2025-04-08,2025-05-04,3,eindejaarspremie van 1 maandloon,False,Eindejaarspremie en dertiende maand (BE). Regel: eindejaarspremie van 1 maandloon. Stap-voor-stap handleiding voor medewerkers.
D168,Checklist: Eindejaarspremie en dertiende maand (BE) v3,checklist,T_dertiende_maand,BE,Payroll,P21,P21,2023-04-16,2023-05-10,3,"eindejaarspremie van 0,5 maandloon",False,"Eindejaarspremie en dertiende maand (BE). Regel: eindejaarspremie van 0,5 maandloon. Checklist om niets te vergeten bij de verwerking."
D169,E-mail: Eindejaarspremie en dertiende maand (BE) v2,email,T_dertiende_maand,BE,Payroll,P11,P11,2024-12-25,2025-09-16,2,eindejaarspremie van 1 maandloon,False,Eindejaarspremie en dertiende maand (BE). Regel: eindejaarspremie van 1 maandloon. Doorgestuurde e-mail van een collega met uitleg.
D170,Checklist: Eindejaarspremie en dertiende maand (BE) v2,checklist,T_dertiende_maand,BE,Payroll,P21,P21,2025-12-17,2026-03-13,2,eindejaarspremie van 1 maandloon,False,Eindejaarspremie en dertiende maand (BE). Regel: eindejaarspremie van 1 maandloon. Checklist om niets te vergeten bij de verwerking.
D171,Beleid: Eindejaarspremie en dertiende maand (NL) v3,policy,T_dertiende_maand,NL,Payroll,P21,,2023-02-10,2023-12-27,3,"eindejaarsuitkering 8,33 procent",False,"Eindejaarspremie en dertiende maand (NL). Regel: eindejaarsuitkering 8,33 procent. Officieel beleid, goedgekeurd door de afdeling."
D172,Beleid: Eindejaarspremie en dertiende maand (NL) v1,policy,T_dertiende_maand,NL,Payroll,P11,P11,2025-01-25,2025-01-25,1,"eindejaarsuitkering 8,33 procent",False,"Eindejaarspremie en dertiende maand (NL). Regel: eindejaarsuitkering 8,33 procent. Officieel beleid, goedgekeurd door de afdeling."
D173,Handleiding: Eindejaarspremie en dertiende maand (NL) v2,manual,T_dertiende_maand,NL,,P47,P47,2024-10-06,2025-03-24,2,eindejaarsuitkering 4 procent,False,Eindejaarspremie en dertiende maand (NL). Regel: eindejaarsuitkering 4 procent. Stap-voor-stap handleiding voor medewerkers.
D174,Teams-gesprek: Eindejaarspremie en dertiende maand (NL) v2,chat,T_dertiende_maand,NL,Payroll,P21,,2026-03-03,2026-06-03,2,"eindejaarsuitkering 8,33 procent",False,"Eindejaarspremie en dertiende maand (NL). Regel: eindejaarsuitkering 8,33 procent. Informele uitleg uit een Teams-kanaal, niet formeel bevestigd."
D175,Handleiding: Eindejaarspremie en dertiende maand (NL) v2,manual,T_dertiende_maand,NL,Payroll,P21,P21,2021-05-30,2021-12-31,2,eindejaarsuitkering 4 procent,False,Eindejaarspremie en dertiende maand (NL). Regel: eindejaarsuitkering 4 procent. Stap-voor-stap handleiding voor medewerkers.
D176,Analyse: Eindejaarspremie en dertiende maand (NL) v3,analysis,T_dertiende_maand,NL,Payroll,P21,P21,2023-01-26,2023-08-15,3,"eindejaarsuitkering 8,33 procent",False,"Eindejaarspremie en dertiende maand (NL). Regel: eindejaarsuitkering 8,33 procent. Interne analyse met voorbeelden en randgevallen."
D177,Handleiding: Eindejaarspremie en dertiende maand (NL) v3,manual,T_dertiende_maand,NL,Payroll,P21,P21,2023-02-22,2023-11-06,3,eindejaarsuitkering 4 procent,False,Eindejaarspremie en dertiende maand (NL). Regel: eindejaarsuitkering 4 procent. Stap-voor-stap handleiding voor medewerkers.
D178,Beleid: Eindejaarspremie en dertiende maand (NL) v3,policy,T_dertiende_maand,NL,Payroll,P11,P11,2026-03-11,2026-05-01,3,"eindejaarsuitkering 8,33 procent",True,"Eindejaarspremie en dertiende maand (NL). Regel: eindejaarsuitkering 8,33 procent. Officieel beleid, goedgekeurd door de afdeling."
D179,Beleid: Eindejaarspremie en dertiende maand (DE) v3,policy,T_dertiende_maand,DE,Payroll,P21,P21,2023-06-14,2023-07-07,3,Weihnachtsgeld 25 procent maandsalaris,False,"Eindejaarspremie en dertiende maand (DE). Regel: Weihnachtsgeld 25 procent maandsalaris. Officieel beleid, goedgekeurd door de afdeling."
D180,Analyse: Eindejaarspremie en dertiende maand (DE) v3,analysis,T_dertiende_maand,DE,Payroll,P21,P21,2024-12-09,2025-12-09,3,Weihnachtsgeld 50 procent maandsalaris,False,Eindejaarspremie en dertiende maand (DE). Regel: Weihnachtsgeld 50 procent maandsalaris. Interne analyse met voorbeelden en randgevallen.
D181,Beleid: Eindejaarspremie en dertiende maand (DE) v3,policy,T_dertiende_maand,DE,Payroll,P29,P29,2025-10-12,2026-04-03,3,Weihnachtsgeld 50 procent maandsalaris,True,"Eindejaarspremie en dertiende maand (DE). Regel: Weihnachtsgeld 50 procent maandsalaris. Officieel beleid, goedgekeurd door de afdeling."
D182,Beleid: Eindejaarspremie en dertiende maand (DE) v2,policy,T_dertiende_maand,DE,Payroll,P21,,2024-09-23,2025-10-25,2,Weihnachtsgeld 50 procent maandsalaris,True,"Eindejaarspremie en dertiende maand (DE). Regel: Weihnachtsgeld 50 procent maandsalaris. Officieel beleid, goedgekeurd door de afdeling."
D183,Beleid: Eindejaarspremie en dertiende maand (DE) v2,policy,T_dertiende_maand,DE,Payroll,P10,P10,2023-08-10,2023-11-12,2,Weihnachtsgeld 50 procent maandsalaris,False,"Eindejaarspremie en dertiende maand (DE). Regel: Weihnachtsgeld 50 procent maandsalaris. Officieel beleid, goedgekeurd door de afdeling."
D184,Beleid: Eindejaarspremie en dertiende maand (DE) v1,policy,T_dertiende_maand,DE,Payroll,P11,P11,2026-01-04,2026-01-04,1,Weihnachtsgeld 50 procent maandsalaris,False,"Eindejaarspremie en dertiende maand (DE). Regel: Weihnachtsgeld 50 procent maandsalaris. Officieel beleid, goedgekeurd door de afdeling."
D185,Handleiding: Eindejaarspremie en dertiende maand (DE) v1,manual,T_dertiende_maand,DE,Payroll,P21,P21,2025-05-03,2025-05-03,1,Weihnachtsgeld 50 procent maandsalaris,False,Eindejaarspremie en dertiende maand (DE). Regel: Weihnachtsgeld 50 procent maandsalaris. Stap-voor-stap handleiding voor medewerkers.
D186,Handleiding: Maaltijdcheques en maaltijdvergoeding (BE) v1,manual,T_maaltijdcheques,BE,Payroll,P29,P29,2024-12-27,2024-12-27,1,maaltijdcheque max 8 euro per dag,False,Maaltijdcheques en maaltijdvergoeding (BE). Regel: maaltijdcheque max 8 euro per dag. Stap-voor-stap handleiding voor medewerkers.
D187,Analyse: Maaltijdcheques en maaltijdvergoeding (BE) v1,analysis,T_maaltijdcheques,BE,Payroll,P29,P29,2024-12-15,2024-12-15,1,maaltijdcheque max 8 euro per dag,False,Maaltijdcheques en maaltijdvergoeding (BE). Regel: maaltijdcheque max 8 euro per dag. Interne analyse met voorbeelden en randgevallen.
D188,Teams-gesprek: Maaltijdcheques en maaltijdvergoeding (BE) v2,chat,T_maaltijdcheques,BE,Payroll,P29,,2023-07-23,2023-11-22,2,maaltijdcheque max 8 euro per dag,False,"Maaltijdcheques en maaltijdvergoeding (BE). Regel: maaltijdcheque max 8 euro per dag. Informele uitleg uit een Teams-kanaal, niet formeel bevestigd."
D189,Checklist: Maaltijdcheques en maaltijdvergoeding (BE) v1,checklist,T_maaltijdcheques,BE,Payroll,P53,P53,2025-06-11,2025-06-11,1,maaltijdcheque max 8 euro per dag,False,Maaltijdcheques en maaltijdvergoeding (BE). Regel: maaltijdcheque max 8 euro per dag. Checklist om niets te vergeten bij de verwerking.
D190,Teams-gesprek: Maaltijdcheques en maaltijdvergoeding (BE) v3,chat,T_maaltijdcheques,BE,Payroll,P36,,2024-06-11,2024-12-30,3,"maaltijdcheque max 6,91 euro per dag",False,"Maaltijdcheques en maaltijdvergoeding (BE). Regel: maaltijdcheque max 6,91 euro per dag. Informele uitleg uit een Teams-kanaal, niet formeel bevestigd."
D191,Checklist: Maaltijdcheques en maaltijdvergoeding (BE) v3,checklist,T_maaltijdcheques,BE,Payroll,P53,P53,2025-07-28,2025-10-11,3,maaltijdcheque max 8 euro per dag,False,Maaltijdcheques en maaltijdvergoeding (BE). Regel: maaltijdcheque max 8 euro per dag. Checklist om niets te vergeten bij de verwerking.
D192,Analyse: Maaltijdcheques en maaltijdvergoeding (NL) v3,analysis,T_maaltijdcheques,NL,Payroll,P53,P53,2024-05-22,2024-08-18,3,maaltijdvergoeding vrijgesteld tot 3 euro,False,Maaltijdcheques en maaltijdvergoeding (NL). Regel: maaltijdvergoeding vrijgesteld tot 3 euro. Interne analyse met voorbeelden en randgevallen.
D193,Handleiding: Maaltijdcheques en maaltijdvergoeding (NL) v1,manual,T_maaltijdcheques,NL,Payroll,P07,P07,2025-08-07,2025-08-07,1,maaltijdvergoeding vrijgesteld tot 3 euro,True,Maaltijdcheques en maaltijdvergoeding (NL). Regel: maaltijdvergoeding vrijgesteld tot 3 euro. Stap-voor-stap handleiding voor medewerkers.
D194,Teams-gesprek: Maaltijdcheques en maaltijdvergoeding (NL) v1,chat,T_maaltijdcheques,NL,Payroll,P29,,2026-07-31,2026-07-31,1,maaltijdvergoeding vrijgesteld tot 3 euro,False,"Maaltijdcheques en maaltijdvergoeding (NL). Regel: maaltijdvergoeding vrijgesteld tot 3 euro. Informele uitleg uit een Teams-kanaal, niet formeel bevestigd."
D195,Handleiding: Maaltijdcheques en maaltijdvergoeding (NL) v3,manual,T_maaltijdcheques,NL,Payroll,P38,P38,2026-02-01,2026-02-21,3,maaltijdvergoeding vrijgesteld tot 3 euro,True,Maaltijdcheques en maaltijdvergoeding (NL). Regel: maaltijdvergoeding vrijgesteld tot 3 euro. Stap-voor-stap handleiding voor medewerkers.
D196,Teams-gesprek: Maaltijdcheques en maaltijdvergoeding (NL) v3,chat,T_maaltijdcheques,NL,Payroll,P29,P29,2025-06-27,2025-10-03,3,maaltijdvergoeding vrijgesteld tot 3 euro,False,"Maaltijdcheques en maaltijdvergoeding (NL). Regel: maaltijdvergoeding vrijgesteld tot 3 euro. Informele uitleg uit een Teams-kanaal, niet formeel bevestigd."
D197,Beleid: Maaltijdcheques en maaltijdvergoeding (NL) v1,policy,T_maaltijdcheques,NL,Payroll,P53,P53,2025-05-18,2025-05-18,1,maaltijdvergoeding vrijgesteld tot 3 euro,False,"Maaltijdcheques en maaltijdvergoeding (NL). Regel: maaltijdvergoeding vrijgesteld tot 3 euro. Officieel beleid, goedgekeurd door de afdeling."
D198,Checklist: Maaltijdcheques en maaltijdvergoeding (NL) v2,checklist,T_maaltijdcheques,NL,Payroll,P29,P29,2023-12-27,2024-03-03,2,maaltijdvergoeding vrijgesteld tot 3 euro,False,Maaltijdcheques en maaltijdvergoeding (NL). Regel: maaltijdvergoeding vrijgesteld tot 3 euro. Checklist om niets te vergeten bij de verwerking.
D199,Analyse: Maaltijdcheques en maaltijdvergoeding (DE) v1,analysis,T_maaltijdcheques,DE,Payroll,P13,,2026-01-24,2026-01-24,1,"Essenszuschuss 7,50 euro per dag",False,"Maaltijdcheques en maaltijdvergoeding (DE). Regel: Essenszuschuss 7,50 euro per dag. Interne analyse met voorbeelden en randgevallen."
D200,Beleid: Maaltijdcheques en maaltijdvergoeding (DE) v2,policy,T_maaltijdcheques,DE,Payroll,P29,P29,2024-12-05,2025-07-01,2,"Essenszuschuss 7,50 euro per dag",True,"Maaltijdcheques en maaltijdvergoeding (DE). Regel: Essenszuschuss 7,50 euro per dag. Officieel beleid, goedgekeurd door de afdeling."
D201,Teams-gesprek: Maaltijdcheques en maaltijdvergoeding (DE) v3,chat,T_maaltijdcheques,DE,Payroll,P53,,2025-10-15,2026-01-21,3,"Essenszuschuss 7,50 euro per dag",False,"Maaltijdcheques en maaltijdvergoeding (DE). Regel: Essenszuschuss 7,50 euro per dag. Informele uitleg uit een Teams-kanaal, niet formeel bevestigd."
D202,E-mail: Maaltijdcheques en maaltijdvergoeding (DE) v3,email,T_maaltijdcheques,DE,Payroll,P57,,2025-12-28,2026-06-26,3,"Essenszuschuss 7,50 euro per dag",False,"Maaltijdcheques en maaltijdvergoeding (DE). Regel: Essenszuschuss 7,50 euro per dag. Doorgestuurde e-mail van een collega met uitleg."
D203,Analyse: Maaltijdcheques en maaltijdvergoeding (DE) v3,analysis,T_maaltijdcheques,DE,Payroll,P29,P29,2025-02-21,2026-02-25,3,"Essenszuschuss 7,50 euro per dag",False,"Maaltijdcheques en maaltijdvergoeding (DE). Regel: Essenszuschuss 7,50 euro per dag. Interne analyse met voorbeelden en randgevallen."
D204,Checklist: Maaltijdcheques en maaltijdvergoeding (DE) v1,checklist,T_maaltijdcheques,DE,Payroll,P29,,2026-03-25,2026-03-25,1,"Essenszuschuss 3,10 euro per dag",False,"Maaltijdcheques en maaltijdvergoeding (DE). Regel: Essenszuschuss 3,10 euro per dag. Checklist om niets te vergeten bij de verwerking."
D205,Handleiding: Maaltijdcheques en maaltijdvergoeding (DE) v1,manual,T_maaltijdcheques,DE,Payroll,P53,P53,2021-04-09,2021-04-09,1,"Essenszuschuss 7,50 euro per dag",False,"Maaltijdcheques en maaltijdvergoeding (DE). Regel: Essenszuschuss 7,50 euro per dag. Stap-voor-stap handleiding voor medewerkers."
D206,Analyse: Maaltijdcheques en maaltijdvergoeding (DE) v2,analysis,T_maaltijdcheques,DE,Payroll,P29,P29,2025-12-08,2026-07-01,2,"Essenszuschuss 7,50 euro per dag",False,"Maaltijdcheques en maaltijdvergoeding (DE). Regel: Essenszuschuss 7,50 euro per dag. Interne analyse met voorbeelden en randgevallen."
D207,Handleiding: Maaltijdcheques en maaltijdvergoeding (DE) v3,manual,T_maaltijdcheques,DE,,P29,,2023-02-11,2023-10-27,3,"Essenszuschuss 3,10 euro per dag",False,"Maaltijdcheques en maaltijdvergoeding (DE). Regel: Essenszuschuss 3,10 euro per dag. Stap-voor-stap handleiding voor medewerkers."
D208,Teams-gesprek: Maaltijdcheques en maaltijdvergoeding (DE) v2,chat,T_maaltijdcheques,DE,Payroll,P07,,2026-06-02,2026-08-19,2,"Essenszuschuss 7,50 euro per dag",False,"Maaltijdcheques en maaltijdvergoeding (DE). Regel: Essenszuschuss 7,50 euro per dag. Informele uitleg uit een Teams-kanaal, niet formeel bevestigd."
D209,Checklist: Overuren en toeslagen (BE) v2,checklist,T_overuren,BE,HR Advisory,P36,P36,2024-11-18,2025-12-22,2,overuren met 150 procent toeslag,False,Overuren en toeslagen (BE). Regel: overuren met 150 procent toeslag. Checklist om niets te vergeten bij de verwerking.
D210,Beleid: Overuren en toeslagen (BE) v2,policy,T_overuren,BE,HR Advisory,P40,P40,2024-08-06,2025-04-18,2,overuren met 120 procent toeslag,False,"Overuren en toeslagen (BE). Regel: overuren met 120 procent toeslag. Officieel beleid, goedgekeurd door de afdeling."
D211,E-mail: Overuren en toeslagen (BE) v2,email,T_overuren,BE,HR Advisory,P36,P36,2023-07-11,2024-08-08,2,overuren met 150 procent toeslag,False,Overuren en toeslagen (BE). Regel: overuren met 150 procent toeslag. Doorgestuurde e-mail van een collega met uitleg.
D212,Analyse: Overuren en toeslagen (BE) v2,analysis,T_overuren,BE,HR Advisory,P36,P36,2024-03-11,2024-08-21,2,overuren met 120 procent toeslag,False,Overuren en toeslagen (BE). Regel: overuren met 120 procent toeslag. Interne analyse met voorbeelden en randgevallen.
D213,Teams-gesprek: Overuren en toeslagen (BE) v1,chat,T_overuren,BE,HR Advisory,P56,P56,2026-04-20,2026-04-20,1,overuren met 120 procent toeslag,False,"Overuren en toeslagen (BE). Regel: overuren met 120 procent toeslag. Informele uitleg uit een Teams-kanaal, niet formeel bevestigd."
D214,Checklist: Overuren en toeslagen (BE) v3,checklist,T_overuren,BE,,P36,,2024-12-11,2025-12-15,3,overuren met 120 procent toeslag,False,Overuren en toeslagen (BE). Regel: overuren met 120 procent toeslag. Checklist om niets te vergeten bij de verwerking.
D215,Beleid: Overuren en toeslagen (NL) v2,policy,T_overuren,NL,HR Advisory,P36,,2023-02-28,2024-02-20,2,overwerk met 125 procent toeslag,False,"Overuren en toeslagen (NL). Regel: overwerk met 125 procent toeslag. Officieel beleid, goedgekeurd door de afdeling."
D216,Beleid: Overuren en toeslagen (NL) v1,policy,T_overuren,NL,HR Advisory,P36,P36,2025-10-21,2025-10-21,1,overwerk met 125 procent toeslag,True,"Overuren en toeslagen (NL). Regel: overwerk met 125 procent toeslag. Officieel beleid, goedgekeurd door de afdeling."
D217,Analyse: Overuren en toeslagen (NL) v2,analysis,T_overuren,NL,HR Advisory,P36,,2026-02-07,2026-08-18,2,overwerk met 125 procent toeslag,False,Overuren en toeslagen (NL). Regel: overwerk met 125 procent toeslag. Interne analyse met voorbeelden en randgevallen.
D218,Beleid: Overuren en toeslagen (NL) v3,policy,T_overuren,NL,,P56,P56,2025-09-18,2026-08-29,3,overwerk met 125 procent toeslag,True,"Overuren en toeslagen (NL). Regel: overwerk met 125 procent toeslag. Officieel beleid, goedgekeurd door de afdeling."
D219,Checklist: Overuren en toeslagen (NL) v2,checklist,T_overuren,NL,HR Advisory,P36,P36,2026-01-22,2026-09-05,2,overwerk met 125 procent toeslag,False,Overuren en toeslagen (NL). Regel: overwerk met 125 procent toeslag. Checklist om niets te vergeten bij de verwerking.
D220,Beleid: Overuren en toeslagen (NL) v3,policy,T_overuren,NL,HR Advisory,P36,P36,2024-08-22,2024-11-08,3,overwerk met 125 procent toeslag,False,"Overuren en toeslagen (NL). Regel: overwerk met 125 procent toeslag. Officieel beleid, goedgekeurd door de afdeling."
D221,Analyse: Overuren en toeslagen (NL) v3,analysis,T_overuren,NL,HR Advisory,P36,P36,2024-06-10,2024-12-27,3,overwerk met 125 procent toeslag,False,Overuren en toeslagen (NL). Regel: overwerk met 125 procent toeslag. Interne analyse met voorbeelden en randgevallen.
D222,Teams-gesprek: Overuren en toeslagen (NL) v1,chat,T_overuren,NL,HR Advisory,P36,,2026-05-25,2026-05-25,1,overwerk met 125 procent toeslag,False,"Overuren en toeslagen (NL). Regel: overwerk met 125 procent toeslag. Informele uitleg uit een Teams-kanaal, niet formeel bevestigd."
D223,Handleiding: Overuren en toeslagen (DE) v3,manual,T_overuren,DE,HR Advisory,P56,P56,2023-12-11,2024-08-29,3,Ueberstunden mit 125 procent Zuschlag,False,Overuren en toeslagen (DE). Regel: Ueberstunden mit 125 procent Zuschlag. Stap-voor-stap handleiding voor medewerkers.
D224,E-mail: Overuren en toeslagen (DE) v2,email,T_overuren,DE,HR Advisory,P56,P56,2025-09-03,2026-03-02,2,Ueberstunden mit 125 procent Zuschlag,False,Overuren en toeslagen (DE). Regel: Ueberstunden mit 125 procent Zuschlag. Doorgestuurde e-mail van een collega met uitleg.
D225,Checklist: Overuren en toeslagen (DE) v1,checklist,T_overuren,DE,HR Advisory,P36,P36,2026-04-21,2026-04-21,1,Ueberstunden mit 125 procent Zuschlag,False,Overuren en toeslagen (DE). Regel: Ueberstunden mit 125 procent Zuschlag. Checklist om niets te vergeten bij de verwerking.
D226,Handleiding: Overuren en toeslagen (DE) v1,manual,T_overuren,DE,HR Advisory,P36,P36,2026-05-13,2026-05-13,1,Ueberstunden mit 125 procent Zuschlag,False,Overuren en toeslagen (DE). Regel: Ueberstunden mit 125 procent Zuschlag. Stap-voor-stap handleiding voor medewerkers.
D227,Beleid: Overuren en toeslagen (DE) v2,policy,T_overuren,DE,HR Advisory,P10,P10,2025-08-20,2026-03-16,2,Ueberstunden mit 125 procent Zuschlag,False,"Overuren en toeslagen (DE). Regel: Ueberstunden mit 125 procent Zuschlag. Officieel beleid, goedgekeurd door de afdeling."
D228,Beleid: Opzegtermijn bij ontslag (BE) v2,policy,T_opzegtermijn,BE,Legal & Compliance,P19,,2022-04-08,2022-10-07,2,opzegtermijn 2 maanden bij 5 jaar anciennite,False,"Opzegtermijn bij ontslag (BE). Regel: opzegtermijn 2 maanden bij 5 jaar anciennite. Officieel beleid, goedgekeurd door de afdeling."
D229,Handleiding: Opzegtermijn bij ontslag (BE) v3,manual,T_opzegtermijn,BE,Legal & Compliance,P13,P13,2025-08-18,2026-02-02,3,opzegtermijn 3 maanden bij 5 jaar anciennite,False,Opzegtermijn bij ontslag (BE). Regel: opzegtermijn 3 maanden bij 5 jaar anciennite. Stap-voor-stap handleiding voor medewerkers.
D230,Beleid: Opzegtermijn bij ontslag (BE) v2,policy,T_opzegtermijn,BE,Legal & Compliance,P12,P12,2024-06-16,2025-02-23,2,opzegtermijn 2 maanden bij 5 jaar anciennite,False,"Opzegtermijn bij ontslag (BE). Regel: opzegtermijn 2 maanden bij 5 jaar anciennite. Officieel beleid, goedgekeurd door de afdeling."
D231,Analyse: Opzegtermijn bij ontslag (BE) v1,analysis,T_opzegtermijn,BE,Legal & Compliance,P13,P13,2021-05-22,2021-05-22,1,opzegtermijn 2 maanden bij 5 jaar anciennite,False,Opzegtermijn bij ontslag (BE). Regel: opzegtermijn 2 maanden bij 5 jaar anciennite. Interne analyse met voorbeelden en randgevallen.
D232,Handleiding: Opzegtermijn bij ontslag (BE) v1,manual,T_opzegtermijn,BE,,P13,P13,2023-11-13,2023-11-13,1,opzegtermijn 2 maanden bij 5 jaar anciennite,False,Opzegtermijn bij ontslag (BE). Regel: opzegtermijn 2 maanden bij 5 jaar anciennite. Stap-voor-stap handleiding voor medewerkers.
D233,Analyse: Opzegtermijn bij ontslag (BE) v3,analysis,T_opzegtermijn,BE,Legal & Compliance,P54,P54,2025-02-23,2025-06-06,3,opzegtermijn 2 maanden bij 5 jaar anciennite,False,Opzegtermijn bij ontslag (BE). Regel: opzegtermijn 2 maanden bij 5 jaar anciennite. Interne analyse met voorbeelden en randgevallen.
D234,E-mail: Opzegtermijn bij ontslag (NL) v2,email,T_opzegtermijn,NL,Legal & Compliance,P13,P13,2025-10-07,2026-07-16,2,opzegtermijn 2 maanden,False,Opzegtermijn bij ontslag (NL). Regel: opzegtermijn 2 maanden. Doorgestuurde e-mail van een collega met uitleg.
D235,Beleid: Opzegtermijn bij ontslag (NL) v1,policy,T_opzegtermijn,NL,Legal & Compliance,P12,P12,2025-06-25,2025-06-25,1,opzegtermijn 2 maanden,True,"Opzegtermijn bij ontslag (NL). Regel: opzegtermijn 2 maanden. Officieel beleid, goedgekeurd door de afdeling."
D236,Handleiding: Opzegtermijn bij ontslag (NL) v2,manual,T_opzegtermijn,NL,Legal & Compliance,P13,P13,2021-11-03,2022-03-20,2,opzegtermijn 1 maand,False,Opzegtermijn bij ontslag (NL). Regel: opzegtermijn 1 maand. Stap-voor-stap handleiding voor medewerkers.
D237,Beleid: Opzegtermijn bij ontslag (NL) v1,policy,T_opzegtermijn,NL,Legal & Compliance,P13,P13,2026-06-14,2026-06-14,1,opzegtermijn 2 maanden,True,"Opzegtermijn bij ontslag (NL). Regel: opzegtermijn 2 maanden. Officieel beleid, goedgekeurd door de afdeling."
D238,Teams-gesprek: Opzegtermijn bij ontslag (NL) v2,chat,T_opzegtermijn,NL,,P13,P13,2022-08-17,2022-09-15,2,opzegtermijn 1 maand,False,"Opzegtermijn bij ontslag (NL). Regel: opzegtermijn 1 maand. Informele uitleg uit een Teams-kanaal, niet formeel bevestigd."
D239,Beleid: Opzegtermijn bij ontslag (NL) v3,policy,T_opzegtermijn,NL,Legal & Compliance,P13,P13,2024-12-03,2025-12-02,3,opzegtermijn 2 maanden,True,"Opzegtermijn bij ontslag (NL). Regel: opzegtermijn 2 maanden. Officieel beleid, goedgekeurd door de afdeling."
D240,Handleiding: Opzegtermijn bij ontslag (NL) v2,manual,T_opzegtermijn,NL,Legal & Compliance,P25,P25,2025-08-05,2026-09-05,2,opzegtermijn 1 maand,False,Opzegtermijn bij ontslag (NL). Regel: opzegtermijn 1 maand. Stap-voor-stap handleiding voor medewerkers.
D241,Analyse: Opzegtermijn bij ontslag (NL) v1,analysis,T_opzegtermijn,NL,Legal & Compliance,P12,P12,2025-09-12,2025-09-12,1,opzegtermijn 2 maanden,False,Opzegtermijn bij ontslag (NL). Regel: opzegtermijn 2 maanden. Interne analyse met voorbeelden en randgevallen.
D242,Teams-gesprek: Opzegtermijn bij ontslag (NL) v1,chat,T_opzegtermijn,NL,Legal & Compliance,P30,P30,2024-07-30,2024-07-30,1,opzegtermijn 2 maanden,False,"Opzegtermijn bij ontslag (NL). Regel: opzegtermijn 2 maanden. Informele uitleg uit een Teams-kanaal, niet formeel bevestigd."
D243,Checklist: Opzegtermijn bij ontslag (NL) v1,checklist,T_opzegtermijn,NL,Legal & Compliance,P12,,2024-08-06,2024-08-06,1,opzegtermijn 2 maanden,False,Opzegtermijn bij ontslag (NL). Regel: opzegtermijn 2 maanden. Checklist om niets te vergeten bij de verwerking.
D244,Beleid: Opzegtermijn bij ontslag (DE) v2,policy,T_opzegtermijn,DE,Legal & Compliance,P12,P12,2023-05-15,2024-05-15,2,Kuendigungsfrist 1 Monat,False,"Opzegtermijn bij ontslag (DE). Regel: Kuendigungsfrist 1 Monat. Officieel beleid, goedgekeurd door de afdeling."
D245,Handleiding: Opzegtermijn bij ontslag (DE) v2,manual,T_opzegtermijn,DE,Legal & Compliance,P13,P13,2024-12-14,2025-07-22,2,Kuendigungsfrist 1 Monat,False,Opzegtermijn bij ontslag (DE). Regel: Kuendigungsfrist 1 Monat. Stap-voor-stap handleiding voor medewerkers.
D246,E-mail: Opzegtermijn bij ontslag (DE) v2,email,T_opzegtermijn,DE,Legal & Compliance,P12,,2024-11-20,2025-07-01,2,Kuendigungsfrist 2 Monate,False,Opzegtermijn bij ontslag (DE). Regel: Kuendigungsfrist 2 Monate. Doorgestuurde e-mail van een collega met uitleg.
D247,E-mail: Opzegtermijn bij ontslag (DE) v1,email,T_opzegtermijn,DE,Legal & Compliance,P12,P12,2023-09-23,2023-09-23,1,Kuendigungsfrist 2 Monate,False,Opzegtermijn bij ontslag (DE). Regel: Kuendigungsfrist 2 Monate. Doorgestuurde e-mail van een collega met uitleg.
D248,Checklist: Opzegtermijn bij ontslag (DE) v1,checklist,T_opzegtermijn,DE,Legal & Compliance,P12,,2024-04-29,2024-04-29,1,Kuendigungsfrist 2 Monate,False,Opzegtermijn bij ontslag (DE). Regel: Kuendigungsfrist 2 Monate. Checklist om niets te vergeten bij de verwerking.
D249,E-mail: Opzegtermijn bij ontslag (DE) v3,email,T_opzegtermijn,DE,,P13,,2023-10-07,2024-11-09,3,Kuendigungsfrist 2 Monate,False,Opzegtermijn bij ontslag (DE). Regel: Kuendigungsfrist 2 Monate. Doorgestuurde e-mail van een collega met uitleg.
D250,Handleiding: Opzegtermijn bij ontslag (DE) v1,manual,T_opzegtermijn,DE,Legal & Compliance,P58,P58,2023-08-23,2023-08-23,1,Kuendigungsfrist 2 Monate,False,Opzegtermijn bij ontslag (DE). Regel: Kuendigungsfrist 2 Monate. Stap-voor-stap handleiding voor medewerkers.
D251,Handleiding: Opzegtermijn bij ontslag (DE) v2,manual,T_opzegtermijn,DE,Legal & Compliance,P54,P54,2026-03-15,2026-04-10,2,Kuendigungsfrist 2 Monate,True,Opzegtermijn bij ontslag (DE). Regel: Kuendigungsfrist 2 Monate. Stap-voor-stap handleiding voor medewerkers.
D252,Beleid: Opzegtermijn bij ontslag (DE) v3,policy,T_opzegtermijn,DE,Legal & Compliance,P52,P52,2025-05-31,2025-12-12,3,Kuendigungsfrist 2 Monate,True,"Opzegtermijn bij ontslag (DE). Regel: Kuendigungsfrist 2 Monate. Officieel beleid, goedgekeurd door de afdeling."
D253,Handleiding: Opzegtermijn bij ontslag (DE) v2,manual,T_opzegtermijn,DE,Legal & Compliance,P10,P10,2021-07-17,2021-12-18,2,Kuendigungsfrist 1 Monat,False,Opzegtermijn bij ontslag (DE). Regel: Kuendigungsfrist 1 Monat. Stap-voor-stap handleiding voor medewerkers.
D254,Beleid: Thuiswerkvergoeding (BE) v1,policy,T_thuiswerk,BE,HR Advisory,P60,P60,2025-08-03,2025-08-03,1,thuiswerkvergoeding 157 euro per maand,True,"Thuiswerkvergoeding (BE). Regel: thuiswerkvergoeding 157 euro per maand. Officieel beleid, goedgekeurd door de afdeling."
D255,Analyse: Thuiswerkvergoeding (BE) v2,analysis,T_thuiswerk,BE,HR Advisory,P47,P47,2025-01-02,2025-11-18,2,thuiswerkvergoeding 157 euro per maand,False,Thuiswerkvergoeding (BE). Regel: thuiswerkvergoeding 157 euro per maand. Interne analyse met voorbeelden en randgevallen.
D256,Beleid: Thuiswerkvergoeding (BE) v2,policy,T_thuiswerk,BE,HR Advisory,P60,P60,2025-04-08,2026-04-13,2,thuiswerkvergoeding 157 euro per maand,True,"Thuiswerkvergoeding (BE). Regel: thuiswerkvergoeding 157 euro per maand. Officieel beleid, goedgekeurd door de afdeling."
D257,Teams-gesprek: Thuiswerkvergoeding (BE) v2,chat,T_thuiswerk,BE,HR Advisory,P40,P40,2025-09-15,2026-03-29,2,thuiswerkvergoeding 129 euro per maand,False,"Thuiswerkvergoeding (BE). Regel: thuiswerkvergoeding 129 euro per maand. Informele uitleg uit een Teams-kanaal, niet formeel bevestigd."
D258,Beleid: Thuiswerkvergoeding (BE) v1,policy,T_thuiswerk,BE,HR Advisory,P29,P29,2026-06-23,2026-06-23,1,thuiswerkvergoeding 157 euro per maand,True,"Thuiswerkvergoeding (BE). Regel: thuiswerkvergoeding 157 euro per maand. Officieel beleid, goedgekeurd door de afdeling."
D259,Beleid: Thuiswerkvergoeding (BE) v1,policy,T_thuiswerk,BE,HR Advisory,P40,,2023-10-15,2023-10-15,1,thuiswerkvergoeding 157 euro per maand,False,"Thuiswerkvergoeding (BE). Regel: thuiswerkvergoeding 157 euro per maand. Officieel beleid, goedgekeurd door de afdeling."
D260,Beleid: Thuiswerkvergoeding (NL) v1,policy,T_thuiswerk,NL,HR Advisory,P40,P40,2023-11-29,2023-11-29,1,"thuiswerkvergoeding 2,35 euro per dag",False,"Thuiswerkvergoeding (NL). Regel: thuiswerkvergoeding 2,35 euro per dag. Officieel beleid, goedgekeurd door de afdeling."
D261,Handleiding: Thuiswerkvergoeding (NL) v3,manual,T_thuiswerk,NL,HR Advisory,P40,P40,2024-12-11,2025-04-30,3,"thuiswerkvergoeding 2,35 euro per dag",False,"Thuiswerkvergoeding (NL). Regel: thuiswerkvergoeding 2,35 euro per dag. Stap-voor-stap handleiding voor medewerkers."
D262,Beleid: Thuiswerkvergoeding (NL) v3,policy,T_thuiswerk,NL,HR Advisory,P40,,2024-10-04,2024-11-05,3,"thuiswerkvergoeding 2,35 euro per dag",False,"Thuiswerkvergoeding (NL). Regel: thuiswerkvergoeding 2,35 euro per dag. Officieel beleid, goedgekeurd door de afdeling."
D263,Beleid: Thuiswerkvergoeding (NL) v3,policy,T_thuiswerk,NL,,P40,P40,2021-10-29,2022-04-18,3,thuiswerkvergoeding 2 euro per dag,False,"Thuiswerkvergoeding (NL). Regel: thuiswerkvergoeding 2 euro per dag. Officieel beleid, goedgekeurd door de afdeling."
D264,Checklist: Thuiswerkvergoeding (NL) v1,checklist,T_thuiswerk,NL,HR Advisory,P22,,2024-09-18,2024-09-18,1,"thuiswerkvergoeding 2,35 euro per dag",False,"Thuiswerkvergoeding (NL). Regel: thuiswerkvergoeding 2,35 euro per dag. Checklist om niets te vergeten bij de verwerking."
D265,Beleid: Thuiswerkvergoeding (NL) v2,policy,T_thuiswerk,NL,,P40,,2022-12-23,2023-11-29,2,"thuiswerkvergoeding 2,35 euro per dag",False,"Thuiswerkvergoeding (NL). Regel: thuiswerkvergoeding 2,35 euro per dag. Officieel beleid, goedgekeurd door de afdeling."
D266,Beleid: Thuiswerkvergoeding (NL) v2,policy,T_thuiswerk,NL,HR Advisory,P40,P40,2025-01-31,2025-12-29,2,"thuiswerkvergoeding 2,35 euro per dag",True,"Thuiswerkvergoeding (NL). Regel: thuiswerkvergoeding 2,35 euro per dag. Officieel beleid, goedgekeurd door de afdeling."
D267,Beleid: Thuiswerkvergoeding (NL) v2,policy,T_thuiswerk,NL,HR Advisory,P40,P40,2022-12-07,2023-07-03,2,"thuiswerkvergoeding 2,35 euro per dag",False,"Thuiswerkvergoeding (NL). Regel: thuiswerkvergoeding 2,35 euro per dag. Officieel beleid, goedgekeurd door de afdeling."
D268,Handleiding: Thuiswerkvergoeding (DE) v2,manual,T_thuiswerk,DE,HR Advisory,P31,P31,2023-10-25,2023-12-17,2,Homeoffice-Pauschale 5 euro per dag,False,Thuiswerkvergoeding (DE). Regel: Homeoffice-Pauschale 5 euro per dag. Stap-voor-stap handleiding voor medewerkers.
D269,Checklist: Thuiswerkvergoeding (DE) v1,checklist,T_thuiswerk,DE,HR Advisory,P07,P07,2026-04-20,2026-04-20,1,Homeoffice-Pauschale 5 euro per dag,False,Thuiswerkvergoeding (DE). Regel: Homeoffice-Pauschale 5 euro per dag. Checklist om niets te vergeten bij de verwerking.
D270,Beleid: Thuiswerkvergoeding (DE) v1,policy,T_thuiswerk,DE,HR Advisory,P40,,2024-02-16,2024-02-16,1,Homeoffice-Pauschale 6 euro per dag,False,"Thuiswerkvergoeding (DE). Regel: Homeoffice-Pauschale 6 euro per dag. Officieel beleid, goedgekeurd door de afdeling."
D271,Beleid: Thuiswerkvergoeding (DE) v3,policy,T_thuiswerk,DE,HR Advisory,P60,P60,2025-10-02,2026-03-06,3,Homeoffice-Pauschale 6 euro per dag,False,"Thuiswerkvergoeding (DE). Regel: Homeoffice-Pauschale 6 euro per dag. Officieel beleid, goedgekeurd door de afdeling."
D272,Beleid: Thuiswerkvergoeding (DE) v3,policy,T_thuiswerk,DE,HR Advisory,P60,P60,2025-03-24,2025-06-10,3,Homeoffice-Pauschale 6 euro per dag,True,"Thuiswerkvergoeding (DE). Regel: Homeoffice-Pauschale 6 euro per dag. Officieel beleid, goedgekeurd door de afdeling."
D273,Handleiding: Thuiswerkvergoeding (DE) v1,manual,T_thuiswerk,DE,,P37,P37,2023-04-07,2023-04-07,1,Homeoffice-Pauschale 5 euro per dag,False,Thuiswerkvergoeding (DE). Regel: Homeoffice-Pauschale 5 euro per dag. Stap-voor-stap handleiding voor medewerkers.
D274,Teams-gesprek: Loopbaanonderbreking en sabbatical (BE) v3,chat,T_loopbaanonderbreking,BE,HR Advisory,P04,P04,2022-12-12,2023-01-04,3,loopbaanonderbreking 12 maanden voltijds,False,"Loopbaanonderbreking en sabbatical (BE). Regel: loopbaanonderbreking 12 maanden voltijds. Informele uitleg uit een Teams-kanaal, niet formeel bevestigd."
D275,Teams-gesprek: Loopbaanonderbreking en sabbatical (BE) v3,chat,T_loopbaanonderbreking,BE,HR Advisory,P02,P02,2025-10-28,2026-07-23,3,loopbaanonderbreking 12 maanden voltijds,False,"Loopbaanonderbreking en sabbatical (BE). Regel: loopbaanonderbreking 12 maanden voltijds. Informele uitleg uit een Teams-kanaal, niet formeel bevestigd."
D276,Analyse: Loopbaanonderbreking en sabbatical (BE) v3,analysis,T_loopbaanonderbreking,BE,HR Advisory,P02,,2023-10-09,2024-09-13,3,loopbaanonderbreking 12 maanden voltijds,False,Loopbaanonderbreking en sabbatical (BE). Regel: loopbaanonderbreking 12 maanden voltijds. Interne analyse met voorbeelden en randgevallen.
D277,Checklist: Loopbaanonderbreking en sabbatical (BE) v2,checklist,T_loopbaanonderbreking,BE,HR Advisory,P02,P02,2025-02-25,2026-01-02,2,loopbaanonderbreking 12 maanden voltijds,False,Loopbaanonderbreking en sabbatical (BE). Regel: loopbaanonderbreking 12 maanden voltijds. Checklist om niets te vergeten bij de verwerking.
D278,Beleid: Loopbaanonderbreking en sabbatical (BE) v1,policy,T_loopbaanonderbreking,BE,HR Advisory,P07,P07,2025-12-06,2025-12-06,1,loopbaanonderbreking 12 maanden voltijds,True,"Loopbaanonderbreking en sabbatical (BE). Regel: loopbaanonderbreking 12 maanden voltijds. Officieel beleid, goedgekeurd door de afdeling."
D279,E-mail: Loopbaanonderbreking en sabbatical (BE) v3,email,T_loopbaanonderbreking,BE,HR Advisory,P56,P56,2023-03-30,2023-07-13,3,loopbaanonderbreking 6 maanden voltijds,False,Loopbaanonderbreking en sabbatical (BE). Regel: loopbaanonderbreking 6 maanden voltijds. Doorgestuurde e-mail van een collega met uitleg.
D280,Beleid: Loopbaanonderbreking en sabbatical (NL) v1,policy,T_loopbaanonderbreking,NL,,P02,P02,2025-06-30,2025-06-30,1,sabbatical 6 maanden onbetaald,True,"Loopbaanonderbreking en sabbatical (NL). Regel: sabbatical 6 maanden onbetaald. Officieel beleid, goedgekeurd door de afdeling."
D281,E-mail: Loopbaanonderbreking en sabbatical (NL) v1,email,T_loopbaanonderbreking,NL,HR Advisory,P23,P23,2025-06-29,2025-06-29,1,sabbatical 6 maanden onbetaald,False,Loopbaanonderbreking en sabbatical (NL). Regel: sabbatical 6 maanden onbetaald. Doorgestuurde e-mail van een collega met uitleg.
D282,Beleid: Loopbaanonderbreking en sabbatical (NL) v2,policy,T_loopbaanonderbreking,NL,HR Advisory,P02,P02,2025-07-07,2025-09-24,2,sabbatical 6 maanden onbetaald,True,"Loopbaanonderbreking en sabbatical (NL). Regel: sabbatical 6 maanden onbetaald. Officieel beleid, goedgekeurd door de afdeling."
D283,Checklist: Loopbaanonderbreking en sabbatical (NL) v1,checklist,T_loopbaanonderbreking,NL,HR Advisory,P03,P03,2024-08-08,2024-08-08,1,sabbatical 3 maanden onbetaald,False,Loopbaanonderbreking en sabbatical (NL). Regel: sabbatical 3 maanden onbetaald. Checklist om niets te vergeten bij de verwerking.
D284,Checklist: Loopbaanonderbreking en sabbatical (NL) v2,checklist,T_loopbaanonderbreking,NL,HR Advisory,P36,P36,2024-01-24,2024-03-22,2,sabbatical 3 maanden onbetaald,False,Loopbaanonderbreking en sabbatical (NL). Regel: sabbatical 3 maanden onbetaald. Checklist om niets te vergeten bij de verwerking.
D285,Beleid: Loopbaanonderbreking en sabbatical (NL) v2,policy,T_loopbaanonderbreking,NL,HR Advisory,P02,P02,2026-01-07,2026-03-08,2,sabbatical 3 maanden onbetaald,False,"Loopbaanonderbreking en sabbatical (NL). Regel: sabbatical 3 maanden onbetaald. Officieel beleid, goedgekeurd door de afdeling."
D286,Analyse: Loopbaanonderbreking en sabbatical (NL) v1,analysis,T_loopbaanonderbreking,NL,,P56,P56,2024-11-18,2024-11-18,1,sabbatical 6 maanden onbetaald,False,Loopbaanonderbreking en sabbatical (NL). Regel: sabbatical 6 maanden onbetaald. Interne analyse met voorbeelden en randgevallen.
D287,Checklist: Loopbaanonderbreking en sabbatical (DE) v3,checklist,T_loopbaanonderbreking,DE,HR Advisory,P02,P02,2025-02-02,2025-05-12,3,Sabbatical 6 Monate,False,Loopbaanonderbreking en sabbatical (DE). Regel: Sabbatical 6 Monate. Checklist om niets te vergeten bij de verwerking.
D288,Handleiding: Loopbaanonderbreking en sabbatical (DE) v1,manual,T_loopbaanonderbreking,DE,HR Advisory,P02,P02,2025-08-09,2025-08-09,1,Sabbatical 6 Monate,False,Loopbaanonderbreking en sabbatical (DE). Regel: Sabbatical 6 Monate. Stap-voor-stap handleiding voor medewerkers.
D289,Analyse: Loopbaanonderbreking en sabbatical (DE) v2,analysis,T_loopbaanonderbreking,DE,HR Advisory,P02,,2025-05-28,2026-01-29,2,Sabbatical 6 Monate,False,Loopbaanonderbreking en sabbatical (DE). Regel: Sabbatical 6 Monate. Interne analyse met voorbeelden en randgevallen.
D290,Teams-gesprek: Loopbaanonderbreking en sabbatical (DE) v1,chat,T_loopbaanonderbreking,DE,HR Advisory,P45,,2025-03-10,2025-03-10,1,Sabbatical 12 Monate,False,"Loopbaanonderbreking en sabbatical (DE). Regel: Sabbatical 12 Monate. Informele uitleg uit een Teams-kanaal, niet formeel bevestigd."
D291,Beleid: Loopbaanonderbreking en sabbatical (DE) v3,policy,T_loopbaanonderbreking,DE,HR Advisory,P02,P02,2025-02-02,2026-02-08,3,Sabbatical 12 Monate,False,"Loopbaanonderbreking en sabbatical (DE). Regel: Sabbatical 12 Monate. Officieel beleid, goedgekeurd door de afdeling."
D292,Analyse: Loopbaanonderbreking en sabbatical (DE) v1,analysis,T_loopbaanonderbreking,DE,HR Advisory,P02,P02,2025-10-23,2025-10-23,1,Sabbatical 6 Monate,False,Loopbaanonderbreking en sabbatical (DE). Regel: Sabbatical 6 Monate. Interne analyse met voorbeelden en randgevallen.
D293,Beleid: Loopbaanonderbreking en sabbatical (DE) v3,policy,T_loopbaanonderbreking,DE,HR Advisory,P56,P56,2022-12-11,2023-12-11,3,Sabbatical 12 Monate,False,"Loopbaanonderbreking en sabbatical (DE). Regel: Sabbatical 12 Monate. Officieel beleid, goedgekeurd door de afdeling."
D294,Beleid: Loopbaanonderbreking en sabbatical (DE) v2,policy,T_loopbaanonderbreking,DE,HR Advisory,P56,P56,2024-10-21,2024-11-02,2,Sabbatical 12 Monate,False,"Loopbaanonderbreking en sabbatical (DE). Regel: Sabbatical 12 Monate. Officieel beleid, goedgekeurd door de afdeling."
D295,Beleid: Loopbaanonderbreking en sabbatical (DE) v1,policy,T_loopbaanonderbreking,DE,HR Advisory,P56,P56,2021-12-08,2021-12-08,1,Sabbatical 6 Monate,False,"Loopbaanonderbreking en sabbatical (DE). Regel: Sabbatical 6 Monate. Officieel beleid, goedgekeurd door de afdeling."
D296,Beleid: Loopbaanonderbreking en sabbatical (DE) v3,policy,T_loopbaanonderbreking,DE,HR Advisory,P04,P04,2026-04-16,2026-09-03,3,Sabbatical 12 Monate,True,"Loopbaanonderbreking en sabbatical (DE). Regel: Sabbatical 12 Monate. Officieel beleid, goedgekeurd door de afdeling."
D297,Analyse: Mobiliteitsbudget en woon-werkverkeer (BE) v2,analysis,T_mobiliteitsbudget,BE,,P21,P21,2025-10-12,2026-04-28,2,mobiliteitsbudget met 3 pijlers,False,Mobiliteitsbudget en woon-werkverkeer (BE). Regel: mobiliteitsbudget met 3 pijlers. Interne analyse met voorbeelden en randgevallen.
D298,E-mail: Mobiliteitsbudget en woon-werkverkeer (BE) v3,email,T_mobiliteitsbudget,BE,Payroll,P21,P21,2024-11-22,2025-09-04,3,mobiliteitsbudget met 3 pijlers,False,Mobiliteitsbudget en woon-werkverkeer (BE). Regel: mobiliteitsbudget met 3 pijlers. Doorgestuurde e-mail van een collega met uitleg.
D299,Teams-gesprek: Mobiliteitsbudget en woon-werkverkeer (BE) v1,chat,T_mobiliteitsbudget,BE,Payroll,P25,P25,2025-03-19,2025-03-19,1,mobiliteitsbudget met 2 pijlers,False,"Mobiliteitsbudget en woon-werkverkeer (BE). Regel: mobiliteitsbudget met 2 pijlers. Informele uitleg uit een Teams-kanaal, niet formeel bevestigd."
D300,Analyse: Mobiliteitsbudget en woon-werkverkeer (BE) v3,analysis,T_mobiliteitsbudget,BE,Payroll,P29,P29,2024-06-16,2025-01-16,3,mobiliteitsbudget met 3 pijlers,False,Mobiliteitsbudget en woon-werkverkeer (BE). Regel: mobiliteitsbudget met 3 pijlers. Interne analyse met voorbeelden en randgevallen.
D301,Beleid: Mobiliteitsbudget en woon-werkverkeer (BE) v1,policy,T_mobiliteitsbudget,BE,Payroll,P21,P21,2023-06-01,2023-06-01,1,mobiliteitsbudget met 2 pijlers,False,"Mobiliteitsbudget en woon-werkverkeer (BE). Regel: mobiliteitsbudget met 2 pijlers. Officieel beleid, goedgekeurd door de afdeling."
D302,Beleid: Mobiliteitsbudget en woon-werkverkeer (BE) v1,policy,T_mobiliteitsbudget,BE,Payroll,P21,P21,2026-06-29,2026-06-29,1,mobiliteitsbudget met 3 pijlers,False,"Mobiliteitsbudget en woon-werkverkeer (BE). Regel: mobiliteitsbudget met 3 pijlers. Officieel beleid, goedgekeurd door de afdeling."
D303,Handleiding: Mobiliteitsbudget en woon-werkverkeer (NL) v2,manual,T_mobiliteitsbudget,NL,Payroll,P25,P25,2025-11-30,2026-03-24,2,"reiskostenvergoeding 0,23 euro per km",True,"Mobiliteitsbudget en woon-werkverkeer (NL). Regel: reiskostenvergoeding 0,23 euro per km. Stap-voor-stap handleiding voor medewerkers."
D304,Teams-gesprek: Mobiliteitsbudget en woon-werkverkeer (NL) v1,chat,T_mobiliteitsbudget,NL,Payroll,P29,,2023-04-18,2023-04-18,1,"reiskostenvergoeding 0,19 euro per km",False,"Mobiliteitsbudget en woon-werkverkeer (NL). Regel: reiskostenvergoeding 0,19 euro per km. Informele uitleg uit een Teams-kanaal, niet formeel bevestigd."
D305,E-mail: Mobiliteitsbudget en woon-werkverkeer (NL) v3,email,T_mobiliteitsbudget,NL,Payroll,P25,P25,2024-09-14,2024-09-23,3,"reiskostenvergoeding 0,19 euro per km",False,"Mobiliteitsbudget en woon-werkverkeer (NL). Regel: reiskostenvergoeding 0,19 euro per km. Doorgestuurde e-mail van een collega met uitleg."
D306,E-mail: Mobiliteitsbudget en woon-werkverkeer (NL) v2,email,T_mobiliteitsbudget,NL,Payroll,P21,P21,2026-04-02,2026-05-01,2,"reiskostenvergoeding 0,23 euro per km",False,"Mobiliteitsbudget en woon-werkverkeer (NL). Regel: reiskostenvergoeding 0,23 euro per km. Doorgestuurde e-mail van een collega met uitleg."
D307,Beleid: Mobiliteitsbudget en woon-werkverkeer (NL) v1,policy,T_mobiliteitsbudget,NL,Payroll,P29,,2025-06-05,2025-06-05,1,"reiskostenvergoeding 0,19 euro per km",False,"Mobiliteitsbudget en woon-werkverkeer (NL). Regel: reiskostenvergoeding 0,19 euro per km. Officieel beleid, goedgekeurd door de afdeling."
D308,Handleiding: Mobiliteitsbudget en woon-werkverkeer (NL) v1,manual,T_mobiliteitsbudget,NL,,P25,P25,2025-01-25,2025-01-25,1,"reiskostenvergoeding 0,23 euro per km",False,"Mobiliteitsbudget en woon-werkverkeer (NL). Regel: reiskostenvergoeding 0,23 euro per km. Stap-voor-stap handleiding voor medewerkers."
D309,E-mail: Mobiliteitsbudget en woon-werkverkeer (NL) v2,email,T_mobiliteitsbudget,NL,Payroll,P21,P21,2025-07-25,2025-08-16,2,"reiskostenvergoeding 0,23 euro per km",False,"Mobiliteitsbudget en woon-werkverkeer (NL). Regel: reiskostenvergoeding 0,23 euro per km. Doorgestuurde e-mail van een collega met uitleg."
D310,Teams-gesprek: Mobiliteitsbudget en woon-werkverkeer (NL) v2,chat,T_mobiliteitsbudget,NL,Payroll,P25,,2024-10-18,2024-12-27,2,"reiskostenvergoeding 0,23 euro per km",False,"Mobiliteitsbudget en woon-werkverkeer (NL). Regel: reiskostenvergoeding 0,23 euro per km. Informele uitleg uit een Teams-kanaal, niet formeel bevestigd."
D311,Beleid: Mobiliteitsbudget en woon-werkverkeer (DE) v2,policy,T_mobiliteitsbudget,DE,Payroll,P25,,2025-09-27,2026-08-12,2,Jobticket 49 euro per maand,True,"Mobiliteitsbudget en woon-werkverkeer (DE). Regel: Jobticket 49 euro per maand. Officieel beleid, goedgekeurd door de afdeling."
D312,E-mail: Mobiliteitsbudget en woon-werkverkeer (DE) v1,email,T_mobiliteitsbudget,DE,Payroll,P29,,2024-04-18,2024-04-18,1,Jobticket 49 euro per maand,False,Mobiliteitsbudget en woon-werkverkeer (DE). Regel: Jobticket 49 euro per maand. Doorgestuurde e-mail van een collega met uitleg.
D313,Analyse: Mobiliteitsbudget en woon-werkverkeer (DE) v1,analysis,T_mobiliteitsbudget,DE,Payroll,P21,P21,2025-05-15,2025-05-15,1,Jobticket 49 euro per maand,False,Mobiliteitsbudget en woon-werkverkeer (DE). Regel: Jobticket 49 euro per maand. Interne analyse met voorbeelden en randgevallen.
D314,Beleid: Mobiliteitsbudget en woon-werkverkeer (DE) v3,policy,T_mobiliteitsbudget,DE,,P21,P21,2025-07-26,2025-09-05,3,Jobticket 49 euro per maand,True,"Mobiliteitsbudget en woon-werkverkeer (DE). Regel: Jobticket 49 euro per maand. Officieel beleid, goedgekeurd door de afdeling."
D315,Checklist: Mobiliteitsbudget en woon-werkverkeer (DE) v2,checklist,T_mobiliteitsbudget,DE,Payroll,P21,P21,2022-10-02,2023-09-01,2,Jobticket 49 euro per maand,False,Mobiliteitsbudget en woon-werkverkeer (DE). Regel: Jobticket 49 euro per maand. Checklist om niets te vergeten bij de verwerking.
D316,Beleid: Mobiliteitsbudget en woon-werkverkeer (DE) v1,policy,T_mobiliteitsbudget,DE,Payroll,P25,P25,2022-09-10,2022-09-10,1,Jobticket 9 euro per maand,False,"Mobiliteitsbudget en woon-werkverkeer (DE). Regel: Jobticket 9 euro per maand. Officieel beleid, goedgekeurd door de afdeling."
D317,Beleid: Jaarlijks verlof (BE) v1,policy,T_jaarlijks_verlof,BE,HR Advisory,P04,P04,2024-10-15,2024-10-15,1,24 verlofdagen bij 6-daagse week,False,"Jaarlijks verlof (BE). Regel: 24 verlofdagen bij 6-daagse week. Officieel beleid, goedgekeurd door de afdeling."
D318,E-mail: Jaarlijks verlof (BE) v1,email,T_jaarlijks_verlof,BE,HR Advisory,P36,P36,2026-05-18,2026-05-18,1,24 verlofdagen bij 6-daagse week,False,Jaarlijks verlof (BE). Regel: 24 verlofdagen bij 6-daagse week. Doorgestuurde e-mail van een collega met uitleg.
D319,Analyse: Jaarlijks verlof (BE) v1,analysis,T_jaarlijks_verlof,BE,HR Advisory,P28,P28,2025-03-23,2025-03-23,1,24 verlofdagen bij 6-daagse week,False,Jaarlijks verlof (BE). Regel: 24 verlofdagen bij 6-daagse week. Interne analyse met voorbeelden en randgevallen.
D320,E-mail: Jaarlijks verlof (BE) v1,email,T_jaarlijks_verlof,BE,HR Advisory,P04,P04,2026-08-17,2026-08-17,1,20 verlofdagen bij 5-daagse week,False,Jaarlijks verlof (BE). Regel: 20 verlofdagen bij 5-daagse week. Doorgestuurde e-mail van een collega met uitleg.
D321,Checklist: Jaarlijks verlof (BE) v3,checklist,T_jaarlijks_verlof,BE,HR Advisory,P36,P36,2025-10-05,2025-12-27,3,24 verlofdagen bij 6-daagse week,False,Jaarlijks verlof (BE). Regel: 24 verlofdagen bij 6-daagse week. Checklist om niets te vergeten bij de verwerking.
D322,Checklist: Jaarlijks verlof (BE) v2,checklist,T_jaarlijks_verlof,BE,HR Advisory,P36,P36,2023-09-30,2024-02-05,2,20 verlofdagen bij 5-daagse week,False,Jaarlijks verlof (BE). Regel: 20 verlofdagen bij 5-daagse week. Checklist om niets te vergeten bij de verwerking.
D323,Teams-gesprek: Jaarlijks verlof (BE) v1,chat,T_jaarlijks_verlof,BE,HR Advisory,P36,P36,2026-03-27,2026-03-27,1,20 verlofdagen bij 5-daagse week,False,"Jaarlijks verlof (BE). Regel: 20 verlofdagen bij 5-daagse week. Informele uitleg uit een Teams-kanaal, niet formeel bevestigd."
D324,Beleid: Jaarlijks verlof (NL) v3,policy,T_jaarlijks_verlof,NL,HR Advisory,P28,,2025-05-08,2025-11-07,3,4 keer de werkweek aan verlof,True,"Jaarlijks verlof (NL). Regel: 4 keer de werkweek aan verlof. Officieel beleid, goedgekeurd door de afdeling."
D325,Beleid: Jaarlijks verlof (NL) v1,policy,T_jaarlijks_verlof,NL,HR Advisory,P36,,2026-07-05,2026-07-05,1,4 keer de werkweek aan verlof,True,"Jaarlijks verlof (NL). Regel: 4 keer de werkweek aan verlof. Officieel beleid, goedgekeurd door de afdeling."
D326,Handleiding: Jaarlijks verlof (NL) v3,manual,T_jaarlijks_verlof,NL,,P06,P06,2024-06-28,2024-08-17,3,3 keer de werkweek aan verlof,False,Jaarlijks verlof (NL). Regel: 3 keer de werkweek aan verlof. Stap-voor-stap handleiding voor medewerkers.
D327,Beleid: Jaarlijks verlof (NL) v3,policy,T_jaarlijks_verlof,NL,HR Advisory,P36,P36,2021-09-22,2022-05-29,3,3 keer de werkweek aan verlof,False,"Jaarlijks verlof (NL). Regel: 3 keer de werkweek aan verlof. Officieel beleid, goedgekeurd door de afdeling."
D328,Handleiding: Jaarlijks verlof (NL) v2,manual,T_jaarlijks_verlof,NL,HR Advisory,P36,P36,2025-08-24,2025-09-16,2,3 keer de werkweek aan verlof,False,Jaarlijks verlof (NL). Regel: 3 keer de werkweek aan verlof. Stap-voor-stap handleiding voor medewerkers.
D329,Analyse: Jaarlijks verlof (NL) v3,analysis,T_jaarlijks_verlof,NL,HR Advisory,P04,P04,2025-11-22,2026-02-27,3,3 keer de werkweek aan verlof,False,Jaarlijks verlof (NL). Regel: 3 keer de werkweek aan verlof. Interne analyse met voorbeelden en randgevallen.
D330,Beleid: Jaarlijks verlof (DE) v2,policy,T_jaarlijks_verlof,DE,HR Advisory,P56,P56,2025-01-08,2025-08-31,2,24 werkdagen minimaal verlof,True,"Jaarlijks verlof (DE). Regel: 24 werkdagen minimaal verlof. Officieel beleid, goedgekeurd door de afdeling."
D331,Handleiding: Jaarlijks verlof (DE) v3,manual,T_jaarlijks_verlof,DE,HR Advisory,P04,P04,2026-01-16,2026-05-24,3,24 werkdagen minimaal verlof,True,Jaarlijks verlof (DE). Regel: 24 werkdagen minimaal verlof. Stap-voor-stap handleiding voor medewerkers.
D332,Beleid: Jaarlijks verlof (DE) v3,policy,T_jaarlijks_verlof,DE,HR Advisory,P04,P04,2026-03-08,2026-08-22,3,24 werkdagen minimaal verlof,False,"Jaarlijks verlof (DE). Regel: 24 werkdagen minimaal verlof. Officieel beleid, goedgekeurd door de afdeling."
D333,Handleiding: Jaarlijks verlof (DE) v3,manual,T_jaarlijks_verlof,DE,HR Advisory,P04,P04,2024-01-24,2024-08-18,3,24 werkdagen minimaal verlof,False,Jaarlijks verlof (DE). Regel: 24 werkdagen minimaal verlof. Stap-voor-stap handleiding voor medewerkers.
D334,Handleiding: Jaarlijks verlof (DE) v3,manual,T_jaarlijks_verlof,DE,,P04,P04,2024-06-17,2025-02-08,3,20 werkdagen minimaal verlof,False,Jaarlijks verlof (DE). Regel: 20 werkdagen minimaal verlof. Stap-voor-stap handleiding voor medewerkers.
D335,Beleid: Jaarlijks verlof (DE) v1,policy,T_jaarlijks_verlof,DE,HR Advisory,P36,P36,2026-04-12,2026-04-12,1,24 werkdagen minimaal verlof,False,"Jaarlijks verlof (DE). Regel: 24 werkdagen minimaal verlof. Officieel beleid, goedgekeurd door de afdeling."
D901,Beleid: Ouderschapsverlof (BE) v3,policy,T_ouderschapsverlof,BE,HR Advisory,P01,P01,2026-07-01,2026-08-21,3,4 maanden per ouder,True,"Ouderschapsverlof (BE). Regel: 4 maanden per ouder. Officieel beleid, goedgekeurd door de afdeling."
D902,Beleid: Ouderschapsverlof (BE) v1,policy,T_ouderschapsverlof,BE,HR Advisory,P01,P01,2021-10-26,2021-10-26,1,3 maanden per ouder,False,"Ouderschapsverlof (BE). Regel: 3 maanden per ouder. Officieel beleid, goedgekeurd door de afdeling."
D903,Beleid: Ouderschapsverlof (NL) v2,policy,T_ouderschapsverlof,NL,HR Advisory,P03,P03,2026-02-18,2026-06-02,2,26 weken per ouder,True,"Ouderschapsverlof (NL). Regel: 26 weken per ouder. Officieel beleid, goedgekeurd door de afdeling."
D904,Teams-gesprek: Ouderschapsverlof (BE) v1,chat,T_ouderschapsverlof,BE,,P05,,2025-04-28,2025-04-28,1,3 maanden per ouder,False,"Ouderschapsverlof (BE). Regel: 3 maanden per ouder. Informele uitleg uit een Teams-kanaal, niet formeel bevestigd."
D905,Handleiding: Ouderschapsverlof (BE) v1,manual,T_ouderschapsverlof,BE,,P24,,2024-04-13,2024-04-13,1,4 maanden per ouder,False,Ouderschapsverlof (BE). Regel: 4 maanden per ouder. Stap-voor-stap handleiding voor medewerkers.
D911,Beleid: Pensioenleeftijd en regeling (BE) v2,policy,T_pensioen,BE,Legal & Compliance,P15,P15,2023-04-07,2024-04-13,2,pensioenleeftijd 65 jaar,False,"Pensioenleeftijd en regeling (BE). Regel: pensioenleeftijd 65 jaar. Officieel beleid, goedgekeurd door de afdeling."
D912,Handleiding: Pensioenleeftijd en regeling (BE) v1,manual,T_pensioen,BE,Legal & Compliance,P15,P15,2023-09-26,2023-09-26,1,pensioenleeftijd 65 jaar,False,Pensioenleeftijd en regeling (BE). Regel: pensioenleeftijd 65 jaar. Stap-voor-stap handleiding voor medewerkers.
D913,Analyse: Pensioenleeftijd en regeling (BE) v1,analysis,T_pensioen,BE,Legal & Compliance,P15,P15,2022-11-30,2022-11-30,1,pensioenleeftijd 65 jaar,False,Pensioenleeftijd en regeling (BE). Regel: pensioenleeftijd 65 jaar. Interne analyse met voorbeelden en randgevallen.
D921,Teams-gesprek: Bedrijfswagen en voordeel alle aard (BE) v1,chat,T_bedrijfswagen,BE,,P09,,2024-05-10,2024-05-10,1,brandstofgebonden VAA-formule,False,"Bedrijfswagen en voordeel alle aard (BE). Regel: brandstofgebonden VAA-formule. Informele uitleg uit een Teams-kanaal, niet formeel bevestigd."
D922,Teams-gesprek: Bedrijfswagen en voordeel alle aard (BE) v1,chat,T_bedrijfswagen,BE,,P09,,2024-10-28,2024-10-28,1,brandstofgebonden VAA-formule,False,"Bedrijfswagen en voordeel alle aard (BE). Regel: brandstofgebonden VAA-formule. Informele uitleg uit een Teams-kanaal, niet formeel bevestigd."
D923,E-mail: Bedrijfswagen en voordeel alle aard (BE) v1,email,T_bedrijfswagen,BE,,P09,,2024-12-09,2024-12-09,1,brandstofgebonden VAA-formule,False,Bedrijfswagen en voordeel alle aard (BE). Regel: brandstofgebonden VAA-formule. Doorgestuurde e-mail van een collega met uitleg.
D924,Teams-gesprek: Bedrijfswagen en voordeel alle aard (BE) v1,chat,T_bedrijfswagen,BE,,P09,,2024-06-25,2024-06-25,1,brandstofgebonden VAA-formule,False,"Bedrijfswagen en voordeel alle aard (BE). Regel: brandstofgebonden VAA-formule. Informele uitleg uit een Teams-kanaal, niet formeel bevestigd."
D925,E-mail: Bedrijfswagen en voordeel alle aard (BE) v1,email,T_bedrijfswagen,BE,,P09,,2025-03-02,2025-03-02,1,brandstofgebonden VAA-formule,False,Bedrijfswagen en voordeel alle aard (BE). Regel: brandstofgebonden VAA-formule. Doorgestuurde e-mail van een collega met uitleg.
D926,Teams-gesprek: Bedrijfswagen en voordeel alle aard (BE) v1,chat,T_bedrijfswagen,BE,,P09,,2024-08-30,2024-08-30,1,brandstofgebonden VAA-formule,False,"Bedrijfswagen en voordeel alle aard (BE). Regel: brandstofgebonden VAA-formule. Informele uitleg uit een Teams-kanaal, niet formeel bevestigd."
