source,target,type
P02,D001,WROTE
P01,D002,WROTE
P02,D003,WROTE
P01,D004,WROTE
P02,D005,WROTE
P01,D006,WROTE
P47,D007,WROTE
P01,D008,WROTE
P02,D009,WROTE
P44,D010,WROTE
P01,D011,WROTE
P05,D012,WROTE
P02,D013,WROTE
P03,D014,WROTE
P02,D015,WROTE
P02,D016,WROTE
P02,D017,WROTE
P03,D018,WROTE
P03,D019,WROTE
P02,D020,WROTE
P02,D021,WROTE
P06,D022,WROTE
P02,D023,WROTE
P02,D024,WROTE
P02,D025,WROTE
P03,D026,WROTE
P03,D027,WROTE
P02,D028,WROTE
P03,D029,WROTE
P04,D030,WROTE
P02,D031,WROTE
P27,D032,WROTE
P02,D033,WROTE
P03,D034,WROTE
P02,D035,WROTE
P02,D036,WROTE
P02,D037,WROTE
P03,D038,WROTE
P41,D039,WROTE
P02,D040,WROTE
P06,D041,WROTE
P07,D042,WROTE
P06,D043,WROTE
P21,D044,WROTE
P06,D045,WROTE
P07,D046,WROTE
P07,D047,WROTE
P07,D048,WROTE
P04,D049,WROTE
P51,D050,WROTE
P07,D051,WROTE
P06,D052,WROTE
P06,D053,WROTE
P06,D054,WROTE
P06,D055,WROTE
P06,D056,WROTE
P06,D057,WROTE
P07,D058,WROTE
P06,D059,WROTE
P06,D060,WROTE
P07,D061,WROTE
P08,D062,WROTE
P07,D063,WROTE
P07,D064,WROTE
P07,D065,WROTE
P08,D066,WROTE
P07,D067,WROTE
P08,D068,WROTE
P08,D069,WROTE
P07,D070,WROTE
P07,D071,WROTE
P07,D072,WROTE
P08,D073,WROTE
P07,D074,WROTE
P07,D075,WROTE
P10,D076,WROTE
P07,D077,WROTE
P10,D078,WROTE
P07,D079,WROTE
P08,D080,WROTE
P08,D081,WROTE
P07,D082,WROTE
P07,D083,WROTE
P07,D084,WROTE
P08,D085,WROTE
P06,D086,WROTE
P06,D087,WROTE
P06,D088,WROTE
P06,D089,WROTE
P06,D090,WROTE
P06,D091,WROTE
P06,D092,WROTE
P06,D093,WROTE
P06,D094,WROTE
P06,D095,WROTE
P06,D096,WROTE
P15,D097,WROTE
P15,D098,WROTE
P15,D099,WROTE
P12,D100,WROTE
P12,D101,WROTE
P15,D102,WROTE
P15,D103,WROTE
P15,D104,WROTE
P12,D105,WROTE
P12,D106,WROTE
P15,D107,WROTE
P12,D108,WROTE
P15,D109,WROTE
P15,D110,WROTE
P12,D111,WROTE
P15,D112,WROTE
P12,D113,WROTE
P13,D114,WROTE
P13,D115,WROTE
P12,D116,WROTE
P12,D117,WROTE
P08,D118,WROTE
P12,D119,WROTE
P12,D120,WROTE
P13,D121,WROTE
P12,D122,WROTE
P12,D123,WROTE
P14,D124,WROTE
P23,D125,WROTE
P12,D126,WROTE
P12,D127,WROTE
P12,D128,WROTE
P13,D129,WROTE
P14,D130,WROTE
P06,D131,WROTE
P12,D132,WROTE
P12,D133,WROTE
P13,D134,WROTE
P14,D135,WROTE
P13,D136,WROTE
P12,D137,WROTE
P36,D138,WROTE
P12,D139,WROTE
P16,D140,WROTE
P20,D141,WROTE
P19,D142,WROTE
P19,D143,WROTE
P16,D144,WROTE
P19,D145,WROTE
P16,D146,WROTE
P16,D147,WROTE
P16,D148,WROTE
P20,D149,WROTE
P16,D150,WROTE
P16,D151,WROTE
P19,D152,WROTE
P20,D153,WROTE
P16,D154,WROTE
P16,D155,WROTE
P16,D156,WROTE
P16,D157,WROTE
P16,D158,WROTE
P16,D159,WROTE
P16,D160,WROTE
P48,D161,WROTE
P29,D162,WROTE
P10,D163,WROTE
P11,D164,WROTE
P21,D165,WROTE
P21,D166,WROTE
P21,D167,WROTE
P21,D168,WROTE
P11,D169,WROTE
P21,D170,WROTE
P21,D171,WROTE
P11,D172,WROTE
P47,D173,WROTE
P21,D174,WROTE
P21,D175,WROTE
P21,D176,WROTE
P21,D177,WROTE
P11,D178,WROTE
P21,D179,WROTE
P21,D180,WROTE
P29,D181,WROTE
P21,D182,WROTE
P10,D183,WROTE
P11,D184,WROTE
P21,D185,WROTE
P29,D186,WROTE
P29,D187,WROTE
P29,D188,WROTE
P53,D189,WROTE
P36,D190,WROTE
P53,D191,WROTE
P53,D192,WROTE
P07,D193,WROTE
P29,D194,WROTE
P38,D195,WROTE
P29,D196,WROTE
P53,D197,WROTE
P29,D198,WROTE
P13,D199,WROTE
P29,D200,WROTE
P53,D201,WROTE
P57,D202,WROTE
P29,D203,WROTE
P29,D204,WROTE
P53,D205,WROTE
P29,D206,WROTE
P29,D207,WROTE
P07,D208,WROTE
P36,D209,WROTE
P40,D210,WROTE
P36,D211,WROTE
P36,D212,WROTE
P56,D213,WROTE
P36,D214,WROTE
P36,D215,WROTE
P36,D216,WROTE
P36,D217,WROTE
P56,D218,WROTE
P36,D219,WROTE
P36,D220,WROTE
P36,D221,WROTE
P36,D222,WROTE
P56,D223,WROTE
P56,D224,WROTE
P36,D225,WROTE
P36,D226,WROTE
P10,D227,WROTE
P19,D228,WROTE
P13,D229,WROTE
P12,D230,WROTE
P13,D231,WROTE
P13,D232,WROTE
P54,D233,WROTE
P13,D234,WROTE
P12,D235,WROTE
P13,D236,WROTE
P13,D237,WROTE
P13,D238,WROTE
P13,D239,WROTE
P25,D240,WROTE
P12,D241,WROTE
P30,D242,WROTE
P12,D243,WROTE
P12,D244,WROTE
P13,D245,WROTE
P12,D246,WROTE
P12,D247,WROTE
P12,D248,WROTE
P13,D249,WROTE
P58,D250,WROTE
P54,D251,WROTE
P52,D252,WROTE
P10,D253,WROTE
P60,D254,WROTE
P47,D255,WROTE
P60,D256,WROTE
P40,D257,WROTE
P29,D258,WROTE
P40,D259,WROTE
P40,D260,WROTE
P40,D261,WROTE
P40,D262,WROTE
P40,D263,WROTE
P22,D264,WROTE
P40,D265,WROTE
P40,D266,WROTE
P40,D267,WROTE
P31,D268,WROTE
P07,D269,WROTE
P40,D270,WROTE
P60,D271,WROTE
P60,D272,WROTE
P37,D273,WROTE
P04,D274,WROTE
P02,D275,WROTE
P02,D276,WROTE
P02,D277,WROTE
P07,D278,WROTE
P56,D279,WROTE
P02,D280,WROTE
P23,D281,WROTE
P02,D282,WROTE
P03,D283,WROTE
P36,D284,WROTE
P02,D285,WROTE
P56,D286,WROTE
P02,D287,WROTE
P02,D288,WROTE
P02,D289,WROTE
P45,D290,WROTE
P02,D291,WROTE
P02,D292,WROTE
P56,D293,WROTE
P56,D294,WROTE
P56,D295,WROTE
P04,D296,WROTE
P21,D297,WROTE
P21,D298,WROTE
P25,D299,WROTE
P29,D300,WROTE
P21,D301,WROTE
P21,D302,WROTE
P25,D303,WROTE
P29,D304,WROTE
P25,D305,WROTE
P21,D306,WROTE
P29,D307,WROTE
P25,D308,WROTE
P21,D309,WROTE
P25,D310,WROTE
P25,D311,WROTE
P29,D312,WROTE
P21,D313,WROTE
P21,D314,WROTE
P21,D315,WROTE
P25,D316,WROTE
P04,D317,WROTE
P36,D318,WROTE
P28,D319,WROTE
P04,D320,WROTE
P36,D321,WROTE
P36,D322,WROTE
P36,D323,WROTE
P28,D324,WROTE
P36,D325,WROTE
P06,D326,WROTE
P36,D327,WROTE
P36,D328,WROTE
P04,D329,WROTE
P56,D330,WROTE
P04,D331,WROTE
P04,D332,WROTE
P04,D333,WROTE
P04,D334,WROTE
P36,D335,WROTE
P19,D336,WROTE
P16,D337,WROTE
P16,D338,WROTE
P16,D339,WROTE
P20,D340,WROTE
P16,D341,WROTE
P16,D342,WROTE
P27,D343,WROTE
P31,D344,WROTE
P16,D345,WROTE
P16,D346,WROTE
P16,D347,WROTE
P16,D348,WROTE
P39,D349,WROTE
P31,D350,WROTE
P19,D351,WROTE
P16,D352,WROTE
P16,D353,WROTE
P16,D354,WROTE
P16,D355,WROTE
P16,D356,WROTE
P17,D357,WROTE
P16,D358,WROTE
P17,D359,WROTE
P17,D360,WROTE
P16,D361,WROTE
P16,D362,WROTE
P16,D363,WROTE
P16,D364,WROTE
P16,D365,WROTE
P22,D366,WROTE
P16,D367,WROTE
P19,D368,WROTE
P19,D369,WROTE
P19,D370,WROTE
P20,D371,WROTE
P19,D372,WROTE
P19,D373,WROTE
P16,D374,WROTE
P19,D375,WROTE
P19,D376,WROTE
P16,D377,WROTE
P19,D378,WROTE
P19,D379,WROTE
P19,D380,WROTE
P19,D381,WROTE
P19,D382,WROTE
P31,D383,WROTE
P39,D384,WROTE
P19,D385,WROTE
P19,D386,WROTE
P19,D387,WROTE
P20,D388,WROTE
P20,D389,WROTE
P18,D390,WROTE
P20,D391,WROTE
P31,D392,WROTE
P20,D393,WROTE
P20,D394,WROTE
P19,D395,WROTE
P17,D396,WROTE
P20,D397,WROTE
P59,D398,WROTE
P20,D399,WROTE
P20,D400,WROTE
P20,D401,WROTE
P59,D402,WROTE
P20,D403,WROTE
P20,D404,WROTE
P20,D405,WROTE
P18,D406,WROTE
P18,D407,WROTE
P35,D408,WROTE
P18,D409,WROTE
P27,D410,WROTE
P18,D411,WROTE
P51,D412,WROTE
P18,D413,WROTE
P59,D414,WROTE
P18,D415,WROTE
P18,D416,WROTE
P35,D417,WROTE
P18,D418,WROTE
P18,D419,WROTE
P18,D420,WROTE
P18,D421,WROTE
P18,D422,WROTE
P39,D423,WROTE
P18,D424,WROTE
P55,D425,WROTE
P27,D426,WROTE
P43,D427,WROTE
P18,D428,WROTE
P18,D429,WROTE
P18,D430,WROTE
P18,D431,WROTE
P63,D432,WROTE
P43,D433,WROTE
P20,D434,WROTE
P18,D435,WROTE
P18,D436,WROTE
P19,D437,WROTE
P18,D438,WROTE
P22,D439,WROTE
P18,D440,WROTE
P43,D441,WROTE
P18,D442,WROTE
P18,D443,WROTE
P18,D444,WROTE
P18,D445,WROTE
P16,D446,WROTE
P16,D931,WROTE
P16,D932,WROTE
P22,D933,WROTE
P01,D901,WROTE
P01,D902,WROTE
P03,D903,WROTE
P05,D904,WROTE
P24,D905,WROTE
P15,D911,WROTE
P15,D912,WROTE
P15,D913,WROTE
P09,D921,WROTE
P09,D922,WROTE
P09,D923,WROTE
P09,D924,WROTE
P09,D925,WROTE
P09,D926,WROTE
P01,D001,REVIEWS
P01,D012,REVIEWS
P01,D254,REVIEWS
P01,D259,REVIEWS
P01,D262,REVIEWS
P01,D263,REVIEWS
P02,D002,REVIEWS
P02,D006,REVIEWS
P02,D011,REVIEWS
P02,D018,REVIEWS
P02,D293,REVIEWS
P02,D295,REVIEWS
P02,D901,REVIEWS
P02,D902,REVIEWS
P03,D013,REVIEWS
P03,D024,REVIEWS
P03,D031,REVIEWS
P03,D032,REVIEWS
P03,D039,REVIEWS
P03,D903,REVIEWS
P04,D036,REVIEWS
P04,D037,REVIEWS
P04,D038,REVIEWS
P04,D278,REVIEWS
P04,D285,REVIEWS
P04,D288,REVIEWS
P04,D291,REVIEWS
P04,D325,REVIEWS
P04,D326,REVIEWS
P05,D005,REVIEWS
P05,D901,REVIEWS
P06,D048,REVIEWS
P07,D043,REVIEWS
P07,D055,REVIEWS
P07,D056,REVIEWS
P07,D062,REVIEWS
P07,D078,REVIEWS
P07,D080,REVIEWS
P07,D081,REVIEWS
P07,D186,REVIEWS
P07,D200,REVIEWS
P08,D064,REVIEWS
P08,D067,REVIEWS
P08,D071,REVIEWS
P08,D075,REVIEWS
P08,D076,REVIEWS
P08,D079,REVIEWS
P08,D088,REVIEWS
P10,D063,REVIEWS
P10,D068,REVIEWS
P10,D069,REVIEWS
P10,D070,REVIEWS
P10,D072,REVIEWS
P10,D084,REVIEWS
P10,D085,REVIEWS
P11,D165,REVIEWS
P11,D171,REVIEWS
P11,D173,REVIEWS
P11,D177,REVIEWS
P11,D179,REVIEWS
P11,D181,REVIEWS
P11,D931,REVIEWS
P12,D097,REVIEWS
P12,D098,REVIEWS
P12,D099,REVIEWS
P12,D102,REVIEWS
P12,D107,REVIEWS
P12,D109,REVIEWS
P12,D110,REVIEWS
P12,D121,REVIEWS
P12,D130,REVIEWS
P12,D229,REVIEWS
P12,D237,REVIEWS
P12,D251,REVIEWS
P12,D253,REVIEWS
P12,D337,REVIEWS
P12,D346,REVIEWS
P12,D348,REVIEWS
P12,D351,REVIEWS
P12,D352,REVIEWS
P12,D361,REVIEWS
P12,D362,REVIEWS
P12,D365,REVIEWS
P12,D368,REVIEWS
P12,D370,REVIEWS
P12,D371,REVIEWS
P12,D374,REVIEWS
P12,D375,REVIEWS
P12,D378,REVIEWS
P12,D381,REVIEWS
P12,D385,REVIEWS
P12,D388,REVIEWS
P12,D393,REVIEWS
P12,D395,REVIEWS
P12,D397,REVIEWS
P12,D400,REVIEWS
P12,D401,REVIEWS
P12,D404,REVIEWS
P12,D406,REVIEWS
P12,D407,REVIEWS
P12,D414,REVIEWS
P12,D415,REVIEWS
P12,D420,REVIEWS
P12,D423,REVIEWS
P12,D424,REVIEWS
P12,D435,REVIEWS
P12,D437,REVIEWS
P12,D441,REVIEWS
P12,D442,REVIEWS
P12,D443,REVIEWS
P12,D444,REVIEWS
P12,D445,REVIEWS
P12,D911,REVIEWS
P12,D931,REVIEWS
P12,D932,REVIEWS
P13,D131,REVIEWS
P13,D139,REVIEWS
P13,D228,REVIEWS
P13,D230,REVIEWS
P13,D244,REVIEWS
P14,D100,REVIEWS
P14,D108,REVIEWS
P14,D118,REVIEWS
P14,D129,REVIEWS
P14,D136,REVIEWS
P16,D152,REVIEWS
P16,D153,REVIEWS
P16,D344,REVIEWS
P16,D349,REVIEWS
P18,D412,REVIEWS
P18,D427,REVIEWS
P18,D434,REVIEWS
P19,D144,REVIEWS
P19,D155,REVIEWS
P19,D158,REVIEWS
P19,D377,REVIEWS
P20,D150,REVIEWS
P20,D151,REVIEWS
P20,D390,REVIEWS
P21,D042,REVIEWS
P21,D046,REVIEWS
P21,D086,REVIEWS
P21,D091,REVIEWS
P21,D164,REVIEWS
P21,D308,REVIEWS
P21,D311,REVIEWS
P21,D316,REVIEWS
P22,D140,REVIEWS
P22,D143,REVIEWS
P22,D147,REVIEWS
P22,D149,REVIEWS
P23,D114,REVIEWS
P23,D120,REVIEWS
P23,D122,REVIEWS
P23,D127,REVIEWS
P25,D093,REVIEWS
P28,D320,REVIEWS
P28,D328,REVIEWS
P28,D331,REVIEWS
P28,D334,REVIEWS
P28,D335,REVIEWS
P29,D172,REVIEWS
P29,D175,REVIEWS
P29,D178,REVIEWS
P29,D182,REVIEWS
P29,D184,REVIEWS
P29,D195,REVIEWS
P29,D302,REVIEWS
P29,D303,REVIEWS
P36,D218,REVIEWS
P36,D223,REVIEWS
P36,D324,REVIEWS
P36,D332,REVIEWS
P36,D333,REVIEWS
P40,D215,REVIEWS
P40,D216,REVIEWS
P40,D226,REVIEWS
P40,D227,REVIEWS
P40,D256,REVIEWS
P40,D258,REVIEWS
P40,D268,REVIEWS
P40,D272,REVIEWS
P40,D273,REVIEWS
P45,D087,REVIEWS
P49,D096,REVIEWS
P53,D193,REVIEWS
P53,D204,REVIEWS
P54,D235,REVIEWS
P54,D239,REVIEWS
P54,D250,REVIEWS
P56,D210,REVIEWS
P56,D214,REVIEWS
P56,D220,REVIEWS
P56,D280,REVIEWS
P56,D282,REVIEWS
P56,D296,REVIEWS
P60,D260,REVIEWS
P60,D265,REVIEWS
P60,D266,REVIEWS
P60,D267,REVIEWS
P60,D270,REVIEWS
P62,D106,REVIEWS
D001,D007,LINKS_TO
D001,D010,LINKS_TO
D001,D012,LINKS_TO
D001,D902,LINKS_TO
D002,D004,LINKS_TO
D002,D011,LINKS_TO
D002,D902,LINKS_TO
D003,D001,LINKS_TO
D003,D009,LINKS_TO
D003,D011,LINKS_TO
D003,D310,LINKS_TO
D003,D902,LINKS_TO
D003,D903,LINKS_TO
D004,D902,LINKS_TO
D006,D002,LINKS_TO
D006,D008,LINKS_TO
D006,D194,LINKS_TO
D006,D901,LINKS_TO
D007,D006,LINKS_TO
D007,D012,LINKS_TO
D007,D201,LINKS_TO
D008,D328,LINKS_TO
D008,D903,LINKS_TO
D009,D121,LINKS_TO
D010,D227,LINKS_TO
D011,D002,LINKS_TO
D012,D001,LINKS_TO
D012,D007,LINKS_TO
D012,D011,LINKS_TO
D012,D083,LINKS_TO
D012,D901,LINKS_TO
D012,D904,LINKS_TO
D013,D021,LINKS_TO
D013,D040,LINKS_TO
D013,D212,LINKS_TO
D013,D276,LINKS_TO
D014,D016,LINKS_TO
D014,D257,LINKS_TO
D016,D032,LINKS_TO
D016,D034,LINKS_TO
D017,D019,LINKS_TO
D017,D026,LINKS_TO
D017,D037,LINKS_TO
D018,D020,LINKS_TO
D018,D022,LINKS_TO
D018,D153,LINKS_TO
D018,D178,LINKS_TO
D019,D020,LINKS_TO
D019,D036,LINKS_TO
D019,D149,LINKS_TO
D019,D320,LINKS_TO
D019,D330,LINKS_TO
D020,D276,LINKS_TO
D021,D027,LINKS_TO
D021,D030,LINKS_TO
D022,D037,LINKS_TO
D022,D224,LINKS_TO
D025,D033,LINKS_TO
D025,D037,LINKS_TO
D025,D040,LINKS_TO
D026,D087,LINKS_TO
D026,D099,LINKS_TO
D026,D119,LINKS_TO
D026,D159,LINKS_TO
D027,D009,LINKS_TO
D027,D021,LINKS_TO
D028,D019,LINKS_TO
D028,D026,LINKS_TO
D028,D029,LINKS_TO
D028,D031,LINKS_TO
D029,D033,LINKS_TO
D029,D038,LINKS_TO
D030,D021,LINKS_TO
D031,D010,LINKS_TO
D031,D028,LINKS_TO
D031,D032,LINKS_TO
D031,D232,LINKS_TO
D032,D016,LINKS_TO
D033,D016,LINKS_TO
D033,D082,LINKS_TO
D033,D293,LINKS_TO
D034,D030,LINKS_TO
D034,D038,LINKS_TO
D034,D127,LINKS_TO
D034,D213,LINKS_TO
D035,D018,LINKS_TO
D035,D021,LINKS_TO
D035,D028,LINKS_TO
D035,D149,LINKS_TO
D037,D022,LINKS_TO
D037,D025,LINKS_TO
D037,D259,LINKS_TO
D038,D022,LINKS_TO
D038,D029,LINKS_TO
D038,D030,LINKS_TO
D039,D027,LINKS_TO
D040,D036,LINKS_TO
D040,D260,LINKS_TO
D041,D042,LINKS_TO
D041,D061,LINKS_TO
D042,D041,LINKS_TO
D042,D058,LINKS_TO
D043,D053,LINKS_TO
D043,D061,LINKS_TO
D044,D043,LINKS_TO
D044,D055,LINKS_TO
D044,D061,LINKS_TO
D044,D160,LINKS_TO
D045,D060,LINKS_TO
D045,D205,LINKS_TO
D047,D048,LINKS_TO
D047,D322,LINKS_TO
D048,D047,LINKS_TO
D048,D233,LINKS_TO
D050,D043,LINKS_TO
D050,D058,LINKS_TO
D050,D323,LINKS_TO
D052,D060,LINKS_TO
D052,D254,LINKS_TO
D052,D300,LINKS_TO
D054,D049,LINKS_TO
D055,D049,LINKS_TO
D055,D056,LINKS_TO
D055,D085,LINKS_TO
D055,D161,LINKS_TO
D056,D046,LINKS_TO
D056,D061,LINKS_TO
D058,D042,LINKS_TO
D058,D050,LINKS_TO
D058,D273,LINKS_TO
D058,D396,LINKS_TO
D060,D044,LINKS_TO
D060,D052,LINKS_TO
D061,D024,LINKS_TO
D061,D041,LINKS_TO
D061,D044,LINKS_TO
D061,D200,LINKS_TO
D063,D066,LINKS_TO
D063,D070,LINKS_TO
D063,D131,LINKS_TO
D064,D066,LINKS_TO
D064,D070,LINKS_TO
D064,D092,LINKS_TO
D065,D075,LINKS_TO
D066,D064,LINKS_TO
D066,D316,LINKS_TO
D068,D074,LINKS_TO
D068,D188,LINKS_TO
D068,D202,LINKS_TO
D069,D074,LINKS_TO
D069,D079,LINKS_TO
D069,D084,LINKS_TO
D069,D088,LINKS_TO
D069,D285,LINKS_TO
D070,D063,LINKS_TO
D070,D076,LINKS_TO
D070,D238,LINKS_TO
D071,D084,LINKS_TO
D071,D371,LINKS_TO
D073,D071,LINKS_TO
D073,D176,LINKS_TO
D073,D369,LINKS_TO
D074,D077,LINKS_TO
D075,D056,LINKS_TO
D075,D069,LINKS_TO
D076,D070,LINKS_TO
D076,D073,LINKS_TO
D076,D173,LINKS_TO
D077,D072,LINKS_TO
D078,D072,LINKS_TO
D078,D084,LINKS_TO
D078,D178,LINKS_TO
D079,D072,LINKS_TO
D079,D172,LINKS_TO
D079,D205,LINKS_TO
D080,D066,LINKS_TO
D080,D234,LINKS_TO
D081,D408,LINKS_TO
D082,D033,LINKS_TO
D082,D388,LINKS_TO
D082,D408,LINKS_TO
D083,D067,LINKS_TO
D084,D071,LINKS_TO
D084,D078,LINKS_TO
D084,D081,LINKS_TO
D084,D130,LINKS_TO
D084,D190,LINKS_TO
D084,D932,LINKS_TO
D085,D064,LINKS_TO
D085,D081,LINKS_TO
D085,D124,LINKS_TO
D085,D304,LINKS_TO
D087,D088,LINKS_TO
D087,D089,LINKS_TO
D087,D093,LINKS_TO
D088,D044,LINKS_TO
D088,D069,LINKS_TO
D088,D087,LINKS_TO
D089,D086,LINKS_TO
D089,D094,LINKS_TO
D089,D096,LINKS_TO
D089,D183,LINKS_TO
D090,D088,LINKS_TO
D091,D090,LINKS_TO
D092,D064,LINKS_TO
D092,D091,LINKS_TO
D093,D060,LINKS_TO
D093,D070,LINKS_TO
D093,D091,LINKS_TO
D093,D344,LINKS_TO
D094,D089,LINKS_TO
D094,D296,LINKS_TO
D094,D298,LINKS_TO
D095,D086,LINKS_TO
D095,D090,LINKS_TO
D096,D246,LINKS_TO
D097,D108,LINKS_TO
D097,D111,LINKS_TO
D097,D177,LINKS_TO
D097,D911,LINKS_TO
D098,D107,LINKS_TO
D099,D026,LINKS_TO
D099,D102,LINKS_TO
D099,D912,LINKS_TO
D100,D056,LINKS_TO
D100,D110,LINKS_TO
D100,D129,LINKS_TO
D100,D258,LINKS_TO
D100,D279,LINKS_TO
D102,D110,LINKS_TO
D102,D911,LINKS_TO
D103,D108,LINKS_TO
D103,D241,LINKS_TO
D104,D109,LINKS_TO
D104,D446,LINKS_TO
D104,D903,LINKS_TO
D105,D017,LINKS_TO
D105,D019,LINKS_TO
D105,D132,LINKS_TO
D106,D234,LINKS_TO
D106,D236,LINKS_TO
D107,D098,LINKS_TO
D107,D117,LINKS_TO
D107,D180,LINKS_TO
D107,D913,LINKS_TO
D108,D097,LINKS_TO
D108,D103,LINKS_TO
D109,D111,LINKS_TO
D109,D231,LINKS_TO
D109,D911,LINKS_TO
D110,D072,LINKS_TO
D110,D264,LINKS_TO
D111,D101,LINKS_TO
D111,D122,LINKS_TO
D112,D139,LINKS_TO
D112,D392,LINKS_TO
D114,D117,LINKS_TO
D115,D132,LINKS_TO
D116,D120,LINKS_TO
D117,D107,LINKS_TO
D117,D118,LINKS_TO
D117,D123,LINKS_TO
D117,D134,LINKS_TO
D117,D236,LINKS_TO
D118,D115,LINKS_TO
D118,D117,LINKS_TO
D118,D120,LINKS_TO
D118,D128,LINKS_TO
D119,D127,LINKS_TO
D119,D131,LINKS_TO
D120,D129,LINKS_TO
D120,D243,LINKS_TO
D120,D246,LINKS_TO
D121,D009,LINKS_TO
D121,D127,LINKS_TO
D122,D111,LINKS_TO
D122,D137,LINKS_TO
D122,D264,LINKS_TO
D123,D117,LINKS_TO
D123,D307,LINKS_TO
D124,D085,LINKS_TO
D124,D332,LINKS_TO
D126,D119,LINKS_TO
D126,D128,LINKS_TO
D126,D135,LINKS_TO
D127,D121,LINKS_TO
D128,D098,LINKS_TO
D128,D118,LINKS_TO
D128,D126,LINKS_TO
D129,D126,LINKS_TO
D130,D125,LINKS_TO
D131,D119,LINKS_TO
D131,D132,LINKS_TO
D131,D137,LINKS_TO
D132,D018,LINKS_TO
D133,D134,LINKS_TO
D133,D135,LINKS_TO
D134,D123,LINKS_TO
D134,D125,LINKS_TO
D134,D135,LINKS_TO
D135,D119,LINKS_TO
D135,D126,LINKS_TO
D135,D134,LINKS_TO
D135,D136,LINKS_TO
D135,D222,LINKS_TO
D137,D122,LINKS_TO
D137,D131,LINKS_TO
D137,D176,LINKS_TO
D137,D241,LINKS_TO
D138,D114,LINKS_TO
D138,D131,LINKS_TO
D138,D252,LINKS_TO
D139,D120,LINKS_TO
D139,D127,LINKS_TO
D139,D133,LINKS_TO
D140,D142,LINKS_TO
D140,D144,LINKS_TO
D140,D147,LINKS_TO
D140,D151,LINKS_TO
D140,D159,LINKS_TO
D141,D089,LINKS_TO
D141,D114,LINKS_TO
D141,D153,LINKS_TO
D142,D155,LINKS_TO
D142,D158,LINKS_TO
D142,D160,LINKS_TO
D142,D248,LINKS_TO
D143,D140,LINKS_TO
D143,D148,LINKS_TO
D143,D152,LINKS_TO
D144,D150,LINKS_TO
D145,D168,LINKS_TO
D145,D441,LINKS_TO
D146,D148,LINKS_TO
D146,D153,LINKS_TO
D146,D154,LINKS_TO
D146,D158,LINKS_TO
D147,D140,LINKS_TO
D147,D152,LINKS_TO
D147,D153,LINKS_TO
D148,D157,LINKS_TO
D148,D303,LINKS_TO
D149,D019,LINKS_TO
D150,D144,LINKS_TO
D150,D154,LINKS_TO
D150,D183,LINKS_TO
D150,D382,LINKS_TO
D151,D140,LINKS_TO
D152,D143,LINKS_TO
D152,D145,LINKS_TO
D152,D146,LINKS_TO
D152,D156,LINKS_TO
D152,D157,LINKS_TO
D153,D018,LINKS_TO
D153,D151,LINKS_TO
D153,D156,LINKS_TO
D153,D158,LINKS_TO
D154,D145,LINKS_TO
D154,D146,LINKS_TO
D154,D156,LINKS_TO
D155,D007,LINKS_TO
D155,D141,LINKS_TO
D155,D142,LINKS_TO
D155,D159,LINKS_TO
D155,D202,LINKS_TO
D156,D151,LINKS_TO
D156,D152,LINKS_TO
D156,D154,LINKS_TO
D156,D155,LINKS_TO
D156,D159,LINKS_TO
D157,D069,LINKS_TO
D157,D145,LINKS_TO
D157,D147,LINKS_TO
D157,D148,LINKS_TO
D157,D370,LINKS_TO
D158,D152,LINKS_TO
D158,D153,LINKS_TO
D159,D026,LINKS_TO
D159,D140,LINKS_TO
D159,D149,LINKS_TO
D159,D155,LINKS_TO
D159,D156,LINKS_TO
D159,D157,LINKS_TO
D160,D142,LINKS_TO
D160,D158,LINKS_TO
D160,D226,LINKS_TO
D160,D299,LINKS_TO
D160,D301,LINKS_TO
D161,D175,LINKS_TO
D161,D179,LINKS_TO
D163,D180,LINKS_TO
D165,D163,LINKS_TO
D165,D175,LINKS_TO
D165,D177,LINKS_TO
D165,D214,LINKS_TO
D166,D051,LINKS_TO
D166,D164,LINKS_TO
D166,D182,LINKS_TO
D166,D201,LINKS_TO
D167,D174,LINKS_TO
D168,D145,LINKS_TO
D169,D165,LINKS_TO
D169,D167,LINKS_TO
D169,D171,LINKS_TO
D169,D177,LINKS_TO
D169,D185,LINKS_TO
D170,D185,LINKS_TO
D171,D057,LINKS_TO
D171,D086,LINKS_TO
D171,D169,LINKS_TO
D171,D180,LINKS_TO
D172,D079,LINKS_TO
D172,D166,LINKS_TO
D172,D171,LINKS_TO
D172,D180,LINKS_TO
D173,D076,LINKS_TO
D173,D183,LINKS_TO
D173,D239,LINKS_TO
D174,D167,LINKS_TO
D174,D293,LINKS_TO
D175,D178,LINKS_TO
D175,D181,LINKS_TO
D175,D182,LINKS_TO
D175,D195,LINKS_TO
D176,D137,LINKS_TO
D176,D201,LINKS_TO
D176,D305,LINKS_TO
D177,D049,LINKS_TO
D177,D143,LINKS_TO
D177,D168,LINKS_TO
D177,D169,LINKS_TO
D177,D182,LINKS_TO
D177,D183,LINKS_TO
D178,D018,LINKS_TO
D178,D078,LINKS_TO
D178,D161,LINKS_TO
D180,D171,LINKS_TO
D180,D172,LINKS_TO
D181,D162,LINKS_TO
D181,D175,LINKS_TO
D181,D176,LINKS_TO
D181,D206,LINKS_TO
D182,D066,LINKS_TO
D182,D165,LINKS_TO
D182,D180,LINKS_TO
D182,D208,LINKS_TO
D183,D170,LINKS_TO
D183,D173,LINKS_TO
D183,D175,LINKS_TO
D183,D177,LINKS_TO
D185,D169,LINKS_TO
D185,D170,LINKS_TO
D186,D076,LINKS_TO
D186,D187,LINKS_TO
D186,D202,LINKS_TO
D186,D203,LINKS_TO
D186,D307,LINKS_TO
D187,D203,LINKS_TO
D188,D043,LINKS_TO
D188,D046,LINKS_TO
D188,D068,LINKS_TO
D188,D222,LINKS_TO
D188,D394,LINKS_TO
D189,D083,LINKS_TO
D189,D200,LINKS_TO
D189,D371,LINKS_TO
D190,D198,LINKS_TO
D190,D285,LINKS_TO
D193,D279,LINKS_TO
D194,D208,LINKS_TO
D195,D175,LINKS_TO
D195,D186,LINKS_TO
D195,D193,LINKS_TO
D196,D207,LINKS_TO
D196,D208,LINKS_TO
D197,D186,LINKS_TO
D197,D190,LINKS_TO
D198,D190,LINKS_TO
D199,D019,LINKS_TO
D200,D186,LINKS_TO
D200,D189,LINKS_TO
D201,D166,LINKS_TO
D202,D068,LINKS_TO
D202,D155,LINKS_TO
D202,D188,LINKS_TO
D203,D187,LINKS_TO
D205,D193,LINKS_TO
D206,D314,LINKS_TO
D207,D082,LINKS_TO
D207,D141,LINKS_TO
D207,D208,LINKS_TO
D207,D304,LINKS_TO
D208,D182,LINKS_TO
D208,D189,LINKS_TO
D208,D204,LINKS_TO
D208,D207,LINKS_TO
D209,D225,LINKS_TO
D210,D214,LINKS_TO
D210,D219,LINKS_TO
D210,D221,LINKS_TO
D211,D357,LINKS_TO
D212,D211,LINKS_TO
D212,D213,LINKS_TO
D213,D225,LINKS_TO
D213,D226,LINKS_TO
D214,D119,LINKS_TO
D214,D165,LINKS_TO
D214,D210,LINKS_TO
D214,D217,LINKS_TO
D214,D224,LINKS_TO
D214,D225,LINKS_TO
D215,D228,LINKS_TO
D216,D189,LINKS_TO
D216,D209,LINKS_TO
D217,D214,LINKS_TO
D217,D215,LINKS_TO
D217,D222,LINKS_TO
D218,D213,LINKS_TO
D218,D214,LINKS_TO
D218,D226,LINKS_TO
D218,D260,LINKS_TO
D219,D210,LINKS_TO
D219,D223,LINKS_TO
D219,D255,LINKS_TO
D222,D427,LINKS_TO
D223,D016,LINKS_TO
D223,D209,LINKS_TO
D223,D255,LINKS_TO
D224,D022,LINKS_TO
D224,D219,LINKS_TO
D224,D227,LINKS_TO
D224,D247,LINKS_TO
D225,D220,LINKS_TO
D225,D223,LINKS_TO
D226,D217,LINKS_TO
D226,D218,LINKS_TO
D227,D010,LINKS_TO
D228,D182,LINKS_TO
D228,D253,LINKS_TO
D229,D242,LINKS_TO
D230,D237,LINKS_TO
D230,D240,LINKS_TO
D231,D109,LINKS_TO
D231,D229,LINKS_TO
D231,D234,LINKS_TO
D231,D239,LINKS_TO
D231,D252,LINKS_TO
D231,D912,LINKS_TO
D233,D048,LINKS_TO
D233,D240,LINKS_TO
D234,D103,LINKS_TO
D234,D106,LINKS_TO
D234,D231,LINKS_TO
D234,D236,LINKS_TO
D234,D308,LINKS_TO
D236,D106,LINKS_TO
D236,D139,LINKS_TO
D236,D232,LINKS_TO
D236,D234,LINKS_TO
D236,D248,LINKS_TO
D237,D230,LINKS_TO
D237,D241,LINKS_TO
D237,D247,LINKS_TO
D237,D249,LINKS_TO
D238,D070,LINKS_TO
D238,D253,LINKS_TO
D239,D107,LINKS_TO
D239,D231,LINKS_TO
D239,D247,LINKS_TO
D240,D228,LINKS_TO
D240,D233,LINKS_TO
D240,D250,LINKS_TO
D241,D125,LINKS_TO
D241,D233,LINKS_TO
D241,D237,LINKS_TO
D241,D240,LINKS_TO
D242,D067,LINKS_TO
D242,D229,LINKS_TO
D242,D243,LINKS_TO
D242,D245,LINKS_TO
D243,D242,LINKS_TO
D245,D183,LINKS_TO
D247,D239,LINKS_TO
D247,D242,LINKS_TO
D247,D251,LINKS_TO
D248,D142,LINKS_TO
D248,D230,LINKS_TO
D248,D236,LINKS_TO
D248,D249,LINKS_TO
D249,D211,LINKS_TO
D249,D245,LINKS_TO
D249,D331,LINKS_TO
D250,D253,LINKS_TO
D251,D243,LINKS_TO
D251,D247,LINKS_TO
D251,D913,LINKS_TO
D252,D047,LINKS_TO
D252,D138,LINKS_TO
D252,D250,LINKS_TO
D253,D228,LINKS_TO
D253,D233,LINKS_TO
D253,D240,LINKS_TO
D253,D250,LINKS_TO
D253,D911,LINKS_TO
D254,D141,LINKS_TO
D254,D209,LINKS_TO
D254,D272,LINKS_TO
D255,D030,LINKS_TO
D255,D219,LINKS_TO
D255,D257,LINKS_TO
D255,D269,LINKS_TO
D256,D028,LINKS_TO
D256,D263,LINKS_TO
D256,D283,LINKS_TO
D257,D215,LINKS_TO
D257,D255,LINKS_TO
D257,D259,LINKS_TO
D257,D289,LINKS_TO
D258,D262,LINKS_TO
D258,D268,LINKS_TO
D258,D273,LINKS_TO
D259,D032,LINKS_TO
D259,D257,LINKS_TO
D259,D270,LINKS_TO
D259,D273,LINKS_TO
D260,D040,LINKS_TO
D260,D261,LINKS_TO
D260,D268,LINKS_TO
D260,D279,LINKS_TO
D260,D393,LINKS_TO
D261,D222,LINKS_TO
D261,D258,LINKS_TO
D261,D260,LINKS_TO
D261,D266,LINKS_TO
D262,D261,LINKS_TO
D262,D267,LINKS_TO
D262,D394,LINKS_TO
D263,D264,LINKS_TO
D264,D015,LINKS_TO
D264,D257,LINKS_TO
D264,D260,LINKS_TO
D264,D269,LINKS_TO
D265,D103,LINKS_TO
D265,D304,LINKS_TO
D265,D421,LINKS_TO
D266,D033,LINKS_TO
D266,D344,LINKS_TO
D267,D259,LINKS_TO
D267,D262,LINKS_TO
D267,D265,LINKS_TO
D267,D301,LINKS_TO
D268,D279,LINKS_TO
D268,D282,LINKS_TO
D269,D086,LINKS_TO
D269,D262,LINKS_TO
D269,D264,LINKS_TO
D269,D273,LINKS_TO
D270,D277,LINKS_TO
D270,D300,LINKS_TO
D271,D114,LINKS_TO
D271,D258,LINKS_TO
D272,D254,LINKS_TO
D273,D256,LINKS_TO
D273,D259,LINKS_TO
D273,D269,LINKS_TO
D274,D275,LINKS_TO
D274,D290,LINKS_TO
D275,D269,LINKS_TO
D275,D283,LINKS_TO
D276,D013,LINKS_TO
D276,D330,LINKS_TO
D278,D266,LINKS_TO
D278,D279,LINKS_TO
D278,D287,LINKS_TO
D278,D290,LINKS_TO
D279,D100,LINKS_TO
D279,D268,LINKS_TO
D279,D273,LINKS_TO
D279,D278,LINKS_TO
D279,D283,LINKS_TO
D279,D292,LINKS_TO
D280,D281,LINKS_TO
D280,D286,LINKS_TO
D280,D289,LINKS_TO
D281,D083,LINKS_TO
D281,D280,LINKS_TO
D282,D250,LINKS_TO
D282,D284,LINKS_TO
D282,D292,LINKS_TO
D283,D275,LINKS_TO
D283,D279,LINKS_TO
D283,D286,LINKS_TO
D283,D287,LINKS_TO
D283,D295,LINKS_TO
D284,D261,LINKS_TO
D284,D282,LINKS_TO
D284,D292,LINKS_TO
D284,D293,LINKS_TO
D284,D319,LINKS_TO
D285,D190,LINKS_TO
D285,D279,LINKS_TO
D286,D283,LINKS_TO
D286,D285,LINKS_TO
D287,D289,LINKS_TO
D287,D296,LINKS_TO
D288,D030,LINKS_TO
D288,D279,LINKS_TO
D289,D284,LINKS_TO
D289,D287,LINKS_TO
D289,D292,LINKS_TO
D289,D296,LINKS_TO
D290,D274,LINKS_TO
D290,D278,LINKS_TO
D290,D281,LINKS_TO
D291,D285,LINKS_TO
D291,D287,LINKS_TO
D291,D288,LINKS_TO
D291,D328,LINKS_TO
D292,D281,LINKS_TO
D292,D284,LINKS_TO
D292,D289,LINKS_TO
D292,D296,LINKS_TO
D293,D174,LINKS_TO
D293,D199,LINKS_TO
D293,D284,LINKS_TO
D294,D130,LINKS_TO
D294,D275,LINKS_TO
D295,D283,LINKS_TO
D295,D296,LINKS_TO
D295,D335,LINKS_TO
D296,D094,LINKS_TO
D297,D251,LINKS_TO
D297,D255,LINKS_TO
D297,D300,LINKS_TO
D299,D306,LINKS_TO
D299,D307,LINKS_TO
D300,D052,LINKS_TO
D300,D270,LINKS_TO
D300,D297,LINKS_TO
D300,D306,LINKS_TO
D301,D267,LINKS_TO
D301,D300,LINKS_TO
D301,D305,LINKS_TO
D301,D315,LINKS_TO
D302,D301,LINKS_TO
D302,D312,LINKS_TO
D303,D148,LINKS_TO
D303,D304,LINKS_TO
D303,D305,LINKS_TO
D303,D311,LINKS_TO
D303,D315,LINKS_TO
D304,D085,LINKS_TO
D304,D303,LINKS_TO
D305,D196,LINKS_TO
D305,D301,LINKS_TO
D305,D304,LINKS_TO
D306,D298,LINKS_TO
D306,D299,LINKS_TO
D306,D309,LINKS_TO
D306,D314,LINKS_TO
D306,D315,LINKS_TO
D307,D123,LINKS_TO
D307,D186,LINKS_TO
D307,D299,LINKS_TO
D307,D308,LINKS_TO
D307,D314,LINKS_TO
D308,D234,LINKS_TO
D308,D306,LINKS_TO
D311,D063,LINKS_TO
D311,D092,LINKS_TO
D311,D316,LINKS_TO
D313,D068,LINKS_TO
D313,D314,LINKS_TO
D313,D316,LINKS_TO
D314,D206,LINKS_TO
D314,D300,LINKS_TO
D314,D306,LINKS_TO
D314,D307,LINKS_TO
D314,D308,LINKS_TO
D314,D327,LINKS_TO
D315,D301,LINKS_TO
D315,D303,LINKS_TO
D315,D306,LINKS_TO
D316,D066,LINKS_TO
D317,D209,LINKS_TO
D318,D322,LINKS_TO
D318,D330,LINKS_TO
D318,D333,LINKS_TO
D319,D331,LINKS_TO
D320,D013,LINKS_TO
D320,D221,LINKS_TO
D320,D265,LINKS_TO
D321,D295,LINKS_TO
D321,D325,LINKS_TO
D321,D333,LINKS_TO
D322,D002,LINKS_TO
D322,D318,LINKS_TO
D323,D327,LINKS_TO
D323,D332,LINKS_TO
D324,D267,LINKS_TO
D324,D320,LINKS_TO
D324,D333,LINKS_TO
D325,D136,LINKS_TO
D325,D321,LINKS_TO
D325,D324,LINKS_TO
D325,D326,LINKS_TO
D325,D333,LINKS_TO
D326,D329,LINKS_TO
D326,D374,LINKS_TO
D326,D905,LINKS_TO
D327,D016,LINKS_TO
D327,D323,LINKS_TO
D327,D330,LINKS_TO
D327,D332,LINKS_TO
D328,D008,LINKS_TO
D328,D291,LINKS_TO
D329,D325,LINKS_TO
D329,D326,LINKS_TO
D329,D335,LINKS_TO
D330,D318,LINKS_TO
D330,D327,LINKS_TO
D331,D249,LINKS_TO
D331,D319,LINKS_TO
D331,D329,LINKS_TO
D331,D334,LINKS_TO
D332,D323,LINKS_TO
D333,D321,LINKS_TO
D333,D324,LINKS_TO
D333,D325,LINKS_TO
D333,D328,LINKS_TO
D334,D331,LINKS_TO
D335,D295,LINKS_TO
D336,D352,LINKS_TO
D337,D364,LINKS_TO
D337,D932,LINKS_TO
D338,D074,LINKS_TO
D338,D358,LINKS_TO
D338,D933,LINKS_TO
D341,D035,LINKS_TO
D341,D090,LINKS_TO
D342,D352,LINKS_TO
D343,D219,LINKS_TO
D343,D931,LINKS_TO
D344,D093,LINKS_TO
D344,D266,LINKS_TO
D344,D352,LINKS_TO
D346,D336,LINKS_TO
D346,D337,LINKS_TO
D346,D338,LINKS_TO
D346,D341,LINKS_TO
D347,D351,LINKS_TO
D348,D074,LINKS_TO
D348,D350,LINKS_TO
D348,D363,LINKS_TO
D349,D102,LINKS_TO
D349,D263,LINKS_TO
D350,D155,LINKS_TO
D350,D364,LINKS_TO
D350,D913,LINKS_TO
D350,D931,LINKS_TO
D351,D273,LINKS_TO
D351,D347,LINKS_TO
D353,D349,LINKS_TO
D356,D226,LINKS_TO
D356,D340,LINKS_TO
D356,D357,LINKS_TO
D356,D358,LINKS_TO
D357,D211,LINKS_TO
D357,D365,LINKS_TO
D358,D220,LINKS_TO
D358,D351,LINKS_TO
D358,D356,LINKS_TO
D358,D357,LINKS_TO
D359,D351,LINKS_TO
D359,D367,LINKS_TO
D361,D330,LINKS_TO
D361,D350,LINKS_TO
D362,D159,LINKS_TO
D363,D348,LINKS_TO
D363,D352,LINKS_TO
D363,D365,LINKS_TO
D363,D367,LINKS_TO
D364,D039,LINKS_TO
D364,D337,LINKS_TO
D364,D353,LINKS_TO
D365,D106,LINKS_TO
D365,D173,LINKS_TO
D365,D353,LINKS_TO
D365,D357,LINKS_TO
D367,D359,LINKS_TO
D368,D107,LINKS_TO
D369,D073,LINKS_TO
D369,D074,LINKS_TO
D369,D272,LINKS_TO
D369,D385,LINKS_TO
D370,D082,LINKS_TO
D370,D157,LINKS_TO
D370,D371,LINKS_TO
D370,D378,LINKS_TO
D370,D380,LINKS_TO
D371,D071,LINKS_TO
D371,D189,LINKS_TO
D371,D370,LINKS_TO
D372,D159,LINKS_TO
D373,D370,LINKS_TO
D373,D371,LINKS_TO
D373,D386,LINKS_TO
D374,D326,LINKS_TO
D374,D381,LINKS_TO
D374,D383,LINKS_TO
D375,D376,LINKS_TO
D376,D089,LINKS_TO
D376,D189,LINKS_TO
D376,D330,LINKS_TO
D376,D375,LINKS_TO
D377,D227,LINKS_TO
D377,D384,LINKS_TO
D378,D381,LINKS_TO
D379,D382,LINKS_TO
D380,D219,LINKS_TO
D380,D225,LINKS_TO
D380,D370,LINKS_TO
D380,D376,LINKS_TO
D381,D283,LINKS_TO
D381,D368,LINKS_TO
D381,D378,LINKS_TO
D382,D150,LINKS_TO
D382,D159,LINKS_TO
D382,D375,LINKS_TO
D382,D386,LINKS_TO
D383,D374,LINKS_TO
D384,D266,LINKS_TO
D384,D287,LINKS_TO
D384,D377,LINKS_TO
D385,D369,LINKS_TO
D386,D372,LINKS_TO
D386,D373,LINKS_TO
D386,D382,LINKS_TO
D386,D385,LINKS_TO
D387,D074,LINKS_TO
D387,D388,LINKS_TO
D387,D392,LINKS_TO
D387,D393,LINKS_TO
D388,D082,LINKS_TO
D388,D387,LINKS_TO
D388,D402,LINKS_TO
D388,D405,LINKS_TO
D389,D077,LINKS_TO
D389,D082,LINKS_TO
D390,D387,LINKS_TO
D390,D406,LINKS_TO
D391,D396,LINKS_TO
D392,D112,LINKS_TO
D392,D387,LINKS_TO
D392,D393,LINKS_TO
D392,D401,LINKS_TO
D393,D256,LINKS_TO
D393,D260,LINKS_TO
D394,D188,LINKS_TO
D394,D255,LINKS_TO
D394,D260,LINKS_TO
D394,D262,LINKS_TO
D396,D058,LINKS_TO
D396,D240,LINKS_TO
D396,D391,LINKS_TO
D396,D403,LINKS_TO
D397,D096,LINKS_TO
D397,D403,LINKS_TO
D397,D405,LINKS_TO
D398,D095,LINKS_TO
D398,D107,LINKS_TO
D398,D405,LINKS_TO
D399,D092,LINKS_TO
D400,D275,LINKS_TO
D400,D387,LINKS_TO
D400,D397,LINKS_TO
D400,D398,LINKS_TO
D401,D392,LINKS_TO
D402,D158,LINKS_TO
D402,D306,LINKS_TO
D402,D316,LINKS_TO
D402,D405,LINKS_TO
D403,D397,LINKS_TO
D403,D405,LINKS_TO
D405,D196,LINKS_TO
D405,D392,LINKS_TO
D405,D398,LINKS_TO
D405,D402,LINKS_TO
D405,D403,LINKS_TO
D406,D390,LINKS_TO
D407,D408,LINKS_TO
D407,D410,LINKS_TO
D407,D415,LINKS_TO
D407,D417,LINKS_TO
D407,D427,LINKS_TO
D407,D441,LINKS_TO
D408,D081,LINKS_TO
D408,D082,LINKS_TO
D408,D259,LINKS_TO
D408,D411,LINKS_TO
D408,D423,LINKS_TO
D409,D072,LINKS_TO
D410,D407,LINKS_TO
D410,D435,LINKS_TO
D410,D439,LINKS_TO
D411,D408,LINKS_TO
D412,D082,LINKS_TO
D412,D241,LINKS_TO
D412,D407,LINKS_TO
D412,D443,LINKS_TO
D413,D420,LINKS_TO
D413,D424,LINKS_TO
D413,D435,LINKS_TO
D413,D436,LINKS_TO
D414,D076,LINKS_TO
D414,D248,LINKS_TO
D414,D424,LINKS_TO
D414,D440,LINKS_TO
D415,D407,LINKS_TO
D415,D425,LINKS_TO
D416,D208,LINKS_TO
D416,D253,LINKS_TO
D417,D307,LINKS_TO
D418,D173,LINKS_TO
D418,D407,LINKS_TO
D418,D417,LINKS_TO
D418,D430,LINKS_TO
D419,D023,LINKS_TO
D419,D426,LINKS_TO
D419,D429,LINKS_TO
D421,D061,LINKS_TO
D421,D255,LINKS_TO
D421,D265,LINKS_TO
D421,D427,LINKS_TO
D422,D264,LINKS_TO
D422,D423,LINKS_TO
D422,D440,LINKS_TO
D423,D408,LINKS_TO
D423,D422,LINKS_TO
D425,D209,LINKS_TO
D425,D415,LINKS_TO
D426,D407,LINKS_TO
D426,D419,LINKS_TO
D426,D446,LINKS_TO
D427,D211,LINKS_TO
D427,D222,LINKS_TO
D427,D407,LINKS_TO
D428,D155,LINKS_TO
D428,D440,LINKS_TO
D430,D418,LINKS_TO
D430,D442,LINKS_TO
D431,D103,LINKS_TO
D431,D122,LINKS_TO
D431,D318,LINKS_TO
D431,D334,LINKS_TO
D432,D436,LINKS_TO
D433,D327,LINKS_TO
D433,D330,LINKS_TO
D434,D324,LINKS_TO
D434,D436,LINKS_TO
D435,D410,LINKS_TO
D435,D413,LINKS_TO
D437,D275,LINKS_TO
D437,D431,LINKS_TO
D438,D322,LINKS_TO
D438,D325,LINKS_TO
D438,D428,LINKS_TO
D439,D261,LINKS_TO
D439,D407,LINKS_TO
D439,D413,LINKS_TO
D439,D440,LINKS_TO
D440,D418,LINKS_TO
D440,D431,LINKS_TO
D441,D145,LINKS_TO
D442,D430,LINKS_TO
D445,D140,LINKS_TO
D445,D160,LINKS_TO
D445,D443,LINKS_TO
D445,D446,LINKS_TO
D446,D104,LINKS_TO
D446,D153,LINKS_TO
D446,D422,LINKS_TO
D901,D902,LINKS_TO
D902,D001,LINKS_TO
D902,D007,LINKS_TO
D902,D901,LINKS_TO
D902,D905,LINKS_TO
D903,D003,LINKS_TO
D903,D007,LINKS_TO
D903,D008,LINKS_TO
D903,D104,LINKS_TO
D904,D006,LINKS_TO
D904,D902,LINKS_TO
D905,D002,LINKS_TO
D905,D902,LINKS_TO
D911,D102,LINKS_TO
D912,D107,LINKS_TO
D912,D234,LINKS_TO
D912,D911,LINKS_TO
D913,D107,LINKS_TO
D913,D350,LINKS_TO
D913,D911,LINKS_TO
D921,D922,LINKS_TO
D921,D924,LINKS_TO
D922,D921,LINKS_TO
D922,D923,LINKS_TO
D923,D924,LINKS_TO
D923,D926,LINKS_TO
D924,D923,LINKS_TO
D924,D925,LINKS_TO
D925,D926,LINKS_TO
D926,D921,LINKS_TO
D926,D925,LINKS_TO
D931,D363,LINKS_TO
D932,D084,LINKS_TO
D932,D337,LINKS_TO
D932,D931,LINKS_TO
D932,D933,LINKS_TO
D933,D338,LINKS_TO
D933,D932,LINKS_TO
D001,T_ouderschapsverlof,BELONGS_TO_TOPIC
D002,T_ouderschapsverlof,BELONGS_TO_TOPIC
D003,T_ouderschapsverlof,BELONGS_TO_TOPIC
D004,T_ouderschapsverlof,BELONGS_TO_TOPIC
D005,T_ouderschapsverlof,BELONGS_TO_TOPIC
D006,T_ouderschapsverlof,BELONGS_TO_TOPIC
D007,T_ouderschapsverlof,BELONGS_TO_TOPIC
D008,T_ouderschapsverlof,BELONGS_TO_TOPIC
D009,T_ouderschapsverlof,BELONGS_TO_TOPIC
D010,T_ouderschapsverlof,BELONGS_TO_TOPIC
D011,T_ouderschapsverlof,BELONGS_TO_TOPIC
D012,T_ouderschapsverlof,BELONGS_TO_TOPIC
D013,T_ziekteverlof,BELONGS_TO_TOPIC
D014,T_ziekteverlof,BELONGS_TO_TOPIC
D015,T_ziekteverlof,BELONGS_TO_TOPIC
D016,T_ziekteverlof,BELONGS_TO_TOPIC
D017,T_ziekteverlof,BELONGS_TO_TOPIC
D018,T_ziekteverlof,BELONGS_TO_TOPIC
D019,T_ziekteverlof,BELONGS_TO_TOPIC
D020,T_ziekteverlof,BELONGS_TO_TOPIC
D021,T_ziekteverlof,BELONGS_TO_TOPIC
D022,T_ziekteverlof,BELONGS_TO_TOPIC
D023,T_ziekteverlof,BELONGS_TO_TOPIC
D024,T_ziekteverlof,BELONGS_TO_TOPIC
D025,T_ziekteverlof,BELONGS_TO_TOPIC
D026,T_ziekteverlof,BELONGS_TO_TOPIC
D027,T_ziekteverlof,BELONGS_TO_TOPIC
D028,T_ziekteverlof,BELONGS_TO_TOPIC
D029,T_ziekteverlof,BELONGS_TO_TOPIC
D030,T_ziekteverlof,BELONGS_TO_TOPIC
D031,T_ziekteverlof,BELONGS_TO_TOPIC
D032,T_ziekteverlof,BELONGS_TO_TOPIC
D033,T_ziekteverlof,BELONGS_TO_TOPIC
D034,T_ziekteverlof,BELONGS_TO_TOPIC
D035,T_ziekteverlof,BELONGS_TO_TOPIC
D036,T_ziekteverlof,BELONGS_TO_TOPIC
D037,T_ziekteverlof,BELONGS_TO_TOPIC
D038,T_ziekteverlof,BELONGS_TO_TOPIC
D039,T_ziekteverlof,BELONGS_TO_TOPIC
D040,T_ziekteverlof,BELONGS_TO_TOPIC
D041,T_vakantiegeld,BELONGS_TO_TOPIC
D042,T_vakantiegeld,BELONGS_TO_TOPIC
D043,T_vakantiegeld,BELONGS_TO_TOPIC
D044,T_vakantiegeld,BELONGS_TO_TOPIC
D045,T_vakantiegeld,BELONGS_TO_TOPIC
D046,T_vakantiegeld,BELONGS_TO_TOPIC
D047,T_vakantiegeld,BELONGS_TO_TOPIC
D048,T_vakantiegeld,BELONGS_TO_TOPIC
D049,T_vakantiegeld,BELONGS_TO_TOPIC
D050,T_vakantiegeld,BELONGS_TO_TOPIC
D051,T_vakantiegeld,BELONGS_TO_TOPIC
D052,T_vakantiegeld,BELONGS_TO_TOPIC
D053,T_vakantiegeld,BELONGS_TO_TOPIC
D054,T_vakantiegeld,BELONGS_TO_TOPIC
D055,T_vakantiegeld,BELONGS_TO_TOPIC
D056,T_vakantiegeld,BELONGS_TO_TOPIC
D057,T_vakantiegeld,BELONGS_TO_TOPIC
D058,T_vakantiegeld,BELONGS_TO_TOPIC
D059,T_vakantiegeld,BELONGS_TO_TOPIC
D060,T_vakantiegeld,BELONGS_TO_TOPIC
D061,T_vakantiegeld,BELONGS_TO_TOPIC
D062,T_loonberekening,BELONGS_TO_TOPIC
D063,T_loonberekening,BELONGS_TO_TOPIC
D064,T_loonberekening,BELONGS_TO_TOPIC
D065,T_loonberekening,BELONGS_TO_TOPIC
D066,T_loonberekening,BELONGS_TO_TOPIC
D067,T_loonberekening,BELONGS_TO_TOPIC
D068,T_loonberekening,BELONGS_TO_TOPIC
D069,T_loonberekening,BELONGS_TO_TOPIC
D070,T_loonberekening,BELONGS_TO_TOPIC
D071,T_loonberekening,BELONGS_TO_TOPIC
D072,T_loonberekening,BELONGS_TO_TOPIC
D073,T_loonberekening,BELONGS_TO_TOPIC
D074,T_loonberekening,BELONGS_TO_TOPIC
D075,T_loonberekening,BELONGS_TO_TOPIC
D076,T_loonberekening,BELONGS_TO_TOPIC
D077,T_loonberekening,BELONGS_TO_TOPIC
D078,T_loonberekening,BELONGS_TO_TOPIC
D079,T_loonberekening,BELONGS_TO_TOPIC
D080,T_loonberekening,BELONGS_TO_TOPIC
D081,T_loonberekening,BELONGS_TO_TOPIC
D082,T_loonberekening,BELONGS_TO_TOPIC
D083,T_loonberekening,BELONGS_TO_TOPIC
D084,T_loonberekening,BELONGS_TO_TOPIC
D085,T_loonberekening,BELONGS_TO_TOPIC
D086,T_bedrijfswagen,BELONGS_TO_TOPIC
D087,T_bedrijfswagen,BELONGS_TO_TOPIC
D088,T_bedrijfswagen,BELONGS_TO_TOPIC
D089,T_bedrijfswagen,BELONGS_TO_TOPIC
D090,T_bedrijfswagen,BELONGS_TO_TOPIC
D091,T_bedrijfswagen,BELONGS_TO_TOPIC
D092,T_bedrijfswagen,BELONGS_TO_TOPIC
D093,T_bedrijfswagen,BELONGS_TO_TOPIC
D094,T_bedrijfswagen,BELONGS_TO_TOPIC
D095,T_bedrijfswagen,BELONGS_TO_TOPIC
D096,T_bedrijfswagen,BELONGS_TO_TOPIC
D097,T_pensioen,BELONGS_TO_TOPIC
D098,T_pensioen,BELONGS_TO_TOPIC
D099,T_pensioen,BELONGS_TO_TOPIC
D100,T_pensioen,BELONGS_TO_TOPIC
D101,T_pensioen,BELONGS_TO_TOPIC
D102,T_pensioen,BELONGS_TO_TOPIC
D103,T_pensioen,BELONGS_TO_TOPIC
D104,T_pensioen,BELONGS_TO_TOPIC
D105,T_pensioen,BELONGS_TO_TOPIC
D106,T_pensioen,BELONGS_TO_TOPIC
D107,T_pensioen,BELONGS_TO_TOPIC
D108,T_pensioen,BELONGS_TO_TOPIC
D109,T_pensioen,BELONGS_TO_TOPIC
D110,T_pensioen,BELONGS_TO_TOPIC
D111,T_pensioen,BELONGS_TO_TOPIC
D112,T_pensioen,BELONGS_TO_TOPIC
D113,T_pensioen,BELONGS_TO_TOPIC
D114,T_gdpr_loon,BELONGS_TO_TOPIC
D115,T_gdpr_loon,BELONGS_TO_TOPIC
D116,T_gdpr_loon,BELONGS_TO_TOPIC
D117,T_gdpr_loon,BELONGS_TO_TOPIC
D118,T_gdpr_loon,BELONGS_TO_TOPIC
D119,T_gdpr_loon,BELONGS_TO_TOPIC
D120,T_gdpr_loon,BELONGS_TO_TOPIC
D121,T_gdpr_loon,BELONGS_TO_TOPIC
D122,T_gdpr_loon,BELONGS_TO_TOPIC
D123,T_gdpr_loon,BELONGS_TO_TOPIC
D124,T_gdpr_loon,BELONGS_TO_TOPIC
D125,T_gdpr_loon,BELONGS_TO_TOPIC
D126,T_gdpr_loon,BELONGS_TO_TOPIC
D127,T_gdpr_loon,BELONGS_TO_TOPIC
D128,T_gdpr_loon,BELONGS_TO_TOPIC
D129,T_gdpr_loon,BELONGS_TO_TOPIC
D130,T_gdpr_loon,BELONGS_TO_TOPIC
D131,T_gdpr_loon,BELONGS_TO_TOPIC
D132,T_gdpr_loon,BELONGS_TO_TOPIC
D133,T_gdpr_loon,BELONGS_TO_TOPIC
D134,T_gdpr_loon,BELONGS_TO_TOPIC
D135,T_gdpr_loon,BELONGS_TO_TOPIC
D136,T_gdpr_loon,BELONGS_TO_TOPIC
D137,T_gdpr_loon,BELONGS_TO_TOPIC
D138,T_gdpr_loon,BELONGS_TO_TOPIC
D139,T_gdpr_loon,BELONGS_TO_TOPIC
D140,T_klant_onboarding,BELONGS_TO_TOPIC
D141,T_klant_onboarding,BELONGS_TO_TOPIC
D142,T_klant_onboarding,BELONGS_TO_TOPIC
D143,T_klant_onboarding,BELONGS_TO_TOPIC
D144,T_klant_onboarding,BELONGS_TO_TOPIC
D145,T_klant_onboarding,BELONGS_TO_TOPIC
D146,T_klant_onboarding,BELONGS_TO_TOPIC
D147,T_klant_onboarding,BELONGS_TO_TOPIC
D148,T_klant_onboarding,BELONGS_TO_TOPIC
D149,T_klant_onboarding,BELONGS_TO_TOPIC
D150,T_klant_onboarding,BELONGS_TO_TOPIC
D151,T_klant_onboarding,BELONGS_TO_TOPIC
D152,T_klant_onboarding,BELONGS_TO_TOPIC
D153,T_klant_onboarding,BELONGS_TO_TOPIC
D154,T_klant_onboarding,BELONGS_TO_TOPIC
D155,T_klant_onboarding,BELONGS_TO_TOPIC
D156,T_klant_onboarding,BELONGS_TO_TOPIC
D157,T_klant_onboarding,BELONGS_TO_TOPIC
D158,T_klant_onboarding,BELONGS_TO_TOPIC
D159,T_klant_onboarding,BELONGS_TO_TOPIC
D160,T_klant_onboarding,BELONGS_TO_TOPIC
D161,T_dertiende_maand,BELONGS_TO_TOPIC
D162,T_dertiende_maand,BELONGS_TO_TOPIC
D163,T_dertiende_maand,BELONGS_TO_TOPIC
D164,T_dertiende_maand,BELONGS_TO_TOPIC
D165,T_dertiende_maand,BELONGS_TO_TOPIC
D166,T_dertiende_maand,BELONGS_TO_TOPIC
D167,T_dertiende_maand,BELONGS_TO_TOPIC
D168,T_dertiende_maand,BELONGS_TO_TOPIC
D169,T_dertiende_maand,BELONGS_TO_TOPIC
D170,T_dertiende_maand,BELONGS_TO_TOPIC
D171,T_dertiende_maand,BELONGS_TO_TOPIC
D172,T_dertiende_maand,BELONGS_TO_TOPIC
D173,T_dertiende_maand,BELONGS_TO_TOPIC
D174,T_dertiende_maand,BELONGS_TO_TOPIC
D175,T_dertiende_maand,BELONGS_TO_TOPIC
D176,T_dertiende_maand,BELONGS_TO_TOPIC
D177,T_dertiende_maand,BELONGS_TO_TOPIC
D178,T_dertiende_maand,BELONGS_TO_TOPIC
D179,T_dertiende_maand,BELONGS_TO_TOPIC
D180,T_dertiende_maand,BELONGS_TO_TOPIC
D181,T_dertiende_maand,BELONGS_TO_TOPIC
D182,T_dertiende_maand,BELONGS_TO_TOPIC
D183,T_dertiende_maand,BELONGS_TO_TOPIC
D184,T_dertiende_maand,BELONGS_TO_TOPIC
D185,T_dertiende_maand,BELONGS_TO_TOPIC
D186,T_maaltijdcheques,BELONGS_TO_TOPIC
D187,T_maaltijdcheques,BELONGS_TO_TOPIC
D188,T_maaltijdcheques,BELONGS_TO_TOPIC
D189,T_maaltijdcheques,BELONGS_TO_TOPIC
D190,T_maaltijdcheques,BELONGS_TO_TOPIC
D191,T_maaltijdcheques,BELONGS_TO_TOPIC
D192,T_maaltijdcheques,BELONGS_TO_TOPIC
D193,T_maaltijdcheques,BELONGS_TO_TOPIC
D194,T_maaltijdcheques,BELONGS_TO_TOPIC
D195,T_maaltijdcheques,BELONGS_TO_TOPIC
D196,T_maaltijdcheques,BELONGS_TO_TOPIC
D197,T_maaltijdcheques,BELONGS_TO_TOPIC
D198,T_maaltijdcheques,BELONGS_TO_TOPIC
D199,T_maaltijdcheques,BELONGS_TO_TOPIC
D200,T_maaltijdcheques,BELONGS_TO_TOPIC
D201,T_maaltijdcheques,BELONGS_TO_TOPIC
D202,T_maaltijdcheques,BELONGS_TO_TOPIC
D203,T_maaltijdcheques,BELONGS_TO_TOPIC
D204,T_maaltijdcheques,BELONGS_TO_TOPIC
D205,T_maaltijdcheques,BELONGS_TO_TOPIC
D206,T_maaltijdcheques,BELONGS_TO_TOPIC
D207,T_maaltijdcheques,BELONGS_TO_TOPIC
D208,T_maaltijdcheques,BELONGS_TO_TOPIC
D209,T_overuren,BELONGS_TO_TOPIC
D210,T_overuren,BELONGS_TO_TOPIC
D211,T_overuren,BELONGS_TO_TOPIC
D212,T_overuren,BELONGS_TO_TOPIC
D213,T_overuren,BELONGS_TO_TOPIC
D214,T_overuren,BELONGS_TO_TOPIC
D215,T_overuren,BELONGS_TO_TOPIC
D216,T_overuren,BELONGS_TO_TOPIC
D217,T_overuren,BELONGS_TO_TOPIC
D218,T_overuren,BELONGS_TO_TOPIC
D219,T_overuren,BELONGS_TO_TOPIC
D220,T_overuren,BELONGS_TO_TOPIC
D221,T_overuren,BELONGS_TO_TOPIC
D222,T_overuren,BELONGS_TO_TOPIC
D223,T_overuren,BELONGS_TO_TOPIC
D224,T_overuren,BELONGS_TO_TOPIC
D225,T_overuren,BELONGS_TO_TOPIC
D226,T_overuren,BELONGS_TO_TOPIC
D227,T_overuren,BELONGS_TO_TOPIC
D228,T_opzegtermijn,BELONGS_TO_TOPIC
D229,T_opzegtermijn,BELONGS_TO_TOPIC
D230,T_opzegtermijn,BELONGS_TO_TOPIC
D231,T_opzegtermijn,BELONGS_TO_TOPIC
D232,T_opzegtermijn,BELONGS_TO_TOPIC
D233,T_opzegtermijn,BELONGS_TO_TOPIC
D234,T_opzegtermijn,BELONGS_TO_TOPIC
D235,T_opzegtermijn,BELONGS_TO_TOPIC
D236,T_opzegtermijn,BELONGS_TO_TOPIC
D237,T_opzegtermijn,BELONGS_TO_TOPIC
D238,T_opzegtermijn,BELONGS_TO_TOPIC
D239,T_opzegtermijn,BELONGS_TO_TOPIC
D240,T_opzegtermijn,BELONGS_TO_TOPIC
D241,T_opzegtermijn,BELONGS_TO_TOPIC
D242,T_opzegtermijn,BELONGS_TO_TOPIC
D243,T_opzegtermijn,BELONGS_TO_TOPIC
D244,T_opzegtermijn,BELONGS_TO_TOPIC
D245,T_opzegtermijn,BELONGS_TO_TOPIC
D246,T_opzegtermijn,BELONGS_TO_TOPIC
D247,T_opzegtermijn,BELONGS_TO_TOPIC
D248,T_opzegtermijn,BELONGS_TO_TOPIC
D249,T_opzegtermijn,BELONGS_TO_TOPIC
D250,T_opzegtermijn,BELONGS_TO_TOPIC
D251,T_opzegtermijn,BELONGS_TO_TOPIC
D252,T_opzegtermijn,BELONGS_TO_TOPIC
D253,T_opzegtermijn,BELONGS_TO_TOPIC
D254,T_thuiswerk,BELONGS_TO_TOPIC
D255,T_thuiswerk,BELONGS_TO_TOPIC
D256,T_thuiswerk,BELONGS_TO_TOPIC
D257,T_thuiswerk,BELONGS_TO_TOPIC
D258,T_thuiswerk,BELONGS_TO_TOPIC
D259,T_thuiswerk,BELONGS_TO_TOPIC
D260,T_thuiswerk,BELONGS_TO_TOPIC
D261,T_thuiswerk,BELONGS_TO_TOPIC
D262,T_thuiswerk,BELONGS_TO_TOPIC
D263,T_thuiswerk,BELONGS_TO_TOPIC
D264,T_thuiswerk,BELONGS_TO_TOPIC
D265,T_thuiswerk,BELONGS_TO_TOPIC
D266,T_thuiswerk,BELONGS_TO_TOPIC
D267,T_thuiswerk,BELONGS_TO_TOPIC
D268,T_thuiswerk,BELONGS_TO_TOPIC
D269,T_thuiswerk,BELONGS_TO_TOPIC
D270,T_thuiswerk,BELONGS_TO_TOPIC
D271,T_thuiswerk,BELONGS_TO_TOPIC
D272,T_thuiswerk,BELONGS_TO_TOPIC
D273,T_thuiswerk,BELONGS_TO_TOPIC
D274,T_loopbaanonderbreking,BELONGS_TO_TOPIC
D275,T_loopbaanonderbreking,BELONGS_TO_TOPIC
D276,T_loopbaanonderbreking,BELONGS_TO_TOPIC
D277,T_loopbaanonderbreking,BELONGS_TO_TOPIC
D278,T_loopbaanonderbreking,BELONGS_TO_TOPIC
D279,T_loopbaanonderbreking,BELONGS_TO_TOPIC
D280,T_loopbaanonderbreking,BELONGS_TO_TOPIC
D281,T_loopbaanonderbreking,BELONGS_TO_TOPIC
D282,T_loopbaanonderbreking,BELONGS_TO_TOPIC
D283,T_loopbaanonderbreking,BELONGS_TO_TOPIC
D284,T_loopbaanonderbreking,BELONGS_TO_TOPIC
D285,T_loopbaanonderbreking,BELONGS_TO_TOPIC
D286,T_loopbaanonderbreking,BELONGS_TO_TOPIC
D287,T_loopbaanonderbreking,BELONGS_TO_TOPIC
D288,T_loopbaanonderbreking,BELONGS_TO_TOPIC
D289,T_loopbaanonderbreking,BELONGS_TO_TOPIC
D290,T_loopbaanonderbreking,BELONGS_TO_TOPIC
D291,T_loopbaanonderbreking,BELONGS_TO_TOPIC
D292,T_loopbaanonderbreking,BELONGS_TO_TOPIC
D293,T_loopbaanonderbreking,BELONGS_TO_TOPIC
D294,T_loopbaanonderbreking,BELONGS_TO_TOPIC
D295,T_loopbaanonderbreking,BELONGS_TO_TOPIC
D296,T_loopbaanonderbreking,BELONGS_TO_TOPIC
D297,T_mobiliteitsbudget,BELONGS_TO_TOPIC
D298,T_mobiliteitsbudget,BELONGS_TO_TOPIC
D299,T_mobiliteitsbudget,BELONGS_TO_TOPIC
D300,T_mobiliteitsbudget,BELONGS_TO_TOPIC
D301,T_mobiliteitsbudget,BELONGS_TO_TOPIC
D302,T_mobiliteitsbudget,BELONGS_TO_TOPIC
D303,T_mobiliteitsbudget,BELONGS_TO_TOPIC
D304,T_mobiliteitsbudget,BELONGS_TO_TOPIC
D305,T_mobiliteitsbudget,BELONGS_TO_TOPIC
D306,T_mobiliteitsbudget,BELONGS_TO_TOPIC
D307,T_mobiliteitsbudget,BELONGS_TO_TOPIC
D308,T_mobiliteitsbudget,BELONGS_TO_TOPIC
D309,T_mobiliteitsbudget,BELONGS_TO_TOPIC
D310,T_mobiliteitsbudget,BELONGS_TO_TOPIC
D311,T_mobiliteitsbudget,BELONGS_TO_TOPIC
D312,T_mobiliteitsbudget,BELONGS_TO_TOPIC
D313,T_mobiliteitsbudget,BELONGS_TO_TOPIC
D314,T_mobiliteitsbudget,BELONGS_TO_TOPIC
D315,T_mobiliteitsbudget,BELONGS_TO_TOPIC
D316,T_mobiliteitsbudget,BELONGS_TO_TOPIC
D317,T_jaarlijks_verlof,BELONGS_TO_TOPIC
D318,T_jaarlijks_verlof,BELONGS_TO_TOPIC
D319,T_jaarlijks_verlof,BELONGS_TO_TOPIC
D320,T_jaarlijks_verlof,BELONGS_TO_TOPIC
D321,T_jaarlijks_verlof,BELONGS_TO_TOPIC
D322,T_jaarlijks_verlof,BELONGS_TO_TOPIC
D323,T_jaarlijks_verlof,BELONGS_TO_TOPIC
D324,T_jaarlijks_verlof,BELONGS_TO_TOPIC
D325,T_jaarlijks_verlof,BELONGS_TO_TOPIC
D326,T_jaarlijks_verlof,BELONGS_TO_TOPIC
D327,T_jaarlijks_verlof,BELONGS_TO_TOPIC
D328,T_jaarlijks_verlof,BELONGS_TO_TOPIC
D329,T_jaarlijks_verlof,BELONGS_TO_TOPIC
D330,T_jaarlijks_verlof,BELONGS_TO_TOPIC
D331,T_jaarlijks_verlof,BELONGS_TO_TOPIC
D332,T_jaarlijks_verlof,BELONGS_TO_TOPIC
D333,T_jaarlijks_verlof,BELONGS_TO_TOPIC
D334,T_jaarlijks_verlof,BELONGS_TO_TOPIC
D335,T_jaarlijks_verlof,BELONGS_TO_TOPIC
D336,T_loonberekening,BELONGS_TO_TOPIC
D337,T_loonberekening,BELONGS_TO_TOPIC
D338,T_loonberekening,BELONGS_TO_TOPIC
D339,T_bedrijfswagen,BELONGS_TO_TOPIC
D340,T_bedrijfswagen,BELONGS_TO_TOPIC
D341,T_bedrijfswagen,BELONGS_TO_TOPIC
D342,T_bedrijfswagen,BELONGS_TO_TOPIC
D343,T_bedrijfswagen,BELONGS_TO_TOPIC
D344,T_bedrijfswagen,BELONGS_TO_TOPIC
D345,T_bedrijfswagen,BELONGS_TO_TOPIC
D346,T_thuiswerk,BELONGS_TO_TOPIC
D347,T_thuiswerk,BELONGS_TO_TOPIC
D348,T_thuiswerk,BELONGS_TO_TOPIC
D349,T_thuiswerk,BELONGS_TO_TOPIC
D350,T_thuiswerk,BELONGS_TO_TOPIC
D351,T_thuiswerk,BELONGS_TO_TOPIC
D352,T_thuiswerk,BELONGS_TO_TOPIC
D353,T_thuiswerk,BELONGS_TO_TOPIC
D354,T_overuren,BELONGS_TO_TOPIC
D355,T_overuren,BELONGS_TO_TOPIC
D356,T_overuren,BELONGS_TO_TOPIC
D357,T_overuren,BELONGS_TO_TOPIC
D358,T_overuren,BELONGS_TO_TOPIC
D359,T_overuren,BELONGS_TO_TOPIC
D360,T_overuren,BELONGS_TO_TOPIC
D361,T_overuren,BELONGS_TO_TOPIC
D362,T_dertiende_maand,BELONGS_TO_TOPIC
D363,T_dertiende_maand,BELONGS_TO_TOPIC
D364,T_dertiende_maand,BELONGS_TO_TOPIC
D365,T_dertiende_maand,BELONGS_TO_TOPIC
D366,T_dertiende_maand,BELONGS_TO_TOPIC
D367,T_dertiende_maand,BELONGS_TO_TOPIC
D368,T_loonberekening,BELONGS_TO_TOPIC
D369,T_loonberekening,BELONGS_TO_TOPIC
D370,T_loonberekening,BELONGS_TO_TOPIC
D371,T_maaltijdcheques,BELONGS_TO_TOPIC
D372,T_maaltijdcheques,BELONGS_TO_TOPIC
D373,T_maaltijdcheques,BELONGS_TO_TOPIC
D374,T_jaarlijks_verlof,BELONGS_TO_TOPIC
D375,T_jaarlijks_verlof,BELONGS_TO_TOPIC
D376,T_jaarlijks_verlof,BELONGS_TO_TOPIC
D377,T_jaarlijks_verlof,BELONGS_TO_TOPIC
D378,T_overuren,BELONGS_TO_TOPIC
D379,T_overuren,BELONGS_TO_TOPIC
D380,T_overuren,BELONGS_TO_TOPIC
D381,T_overuren,BELONGS_TO_TOPIC
D382,T_klant_onboarding,BELONGS_TO_TOPIC
D383,T_klant_onboarding,BELONGS_TO_TOPIC
D384,T_klant_onboarding,BELONGS_TO_TOPIC
D385,T_klant_onboarding,BELONGS_TO_TOPIC
D386,T_klant_onboarding,BELONGS_TO_TOPIC
D387,T_loonberekening,BELONGS_TO_TOPIC
D388,T_loonberekening,BELONGS_TO_TOPIC
D389,T_loonberekening,BELONGS_TO_TOPIC
D390,T_loonberekening,BELONGS_TO_TOPIC
D391,T_thuiswerk,BELONGS_TO_TOPIC
D392,T_thuiswerk,BELONGS_TO_TOPIC
D393,T_thuiswerk,BELONGS_TO_TOPIC
D394,T_thuiswerk,BELONGS_TO_TOPIC
D395,T_thuiswerk,BELONGS_TO_TOPIC
D396,T_bedrijfswagen,BELONGS_TO_TOPIC
D397,T_bedrijfswagen,BELONGS_TO_TOPIC
D398,T_bedrijfswagen,BELONGS_TO_TOPIC
D399,T_bedrijfswagen,BELONGS_TO_TOPIC
D400,T_mobiliteitsbudget,BELONGS_TO_TOPIC
D401,T_mobiliteitsbudget,BELONGS_TO_TOPIC
D402,T_mobiliteitsbudget,BELONGS_TO_TOPIC
D403,T_mobiliteitsbudget,BELONGS_TO_TOPIC
D404,T_maaltijdcheques,BELONGS_TO_TOPIC
D405,T_maaltijdcheques,BELONGS_TO_TOPIC
D406,T_maaltijdcheques,BELONGS_TO_TOPIC
D407,T_loonberekening,BELONGS_TO_TOPIC
D408,T_loonberekening,BELONGS_TO_TOPIC
D409,T_loonberekening,BELONGS_TO_TOPIC
D410,T_loonberekening,BELONGS_TO_TOPIC
D411,T_loonberekening,BELONGS_TO_TOPIC
D412,T_loonberekening,BELONGS_TO_TOPIC
D413,T_loonberekening,BELONGS_TO_TOPIC
D414,T_loonberekening,BELONGS_TO_TOPIC
D415,T_thuiswerk,BELONGS_TO_TOPIC
D416,T_thuiswerk,BELONGS_TO_TOPIC
D417,T_thuiswerk,BELONGS_TO_TOPIC
D418,T_thuiswerk,BELONGS_TO_TOPIC
D419,T_thuiswerk,BELONGS_TO_TOPIC
D420,T_thuiswerk,BELONGS_TO_TOPIC
D421,T_thuiswerk,BELONGS_TO_TOPIC
D422,T_thuiswerk,BELONGS_TO_TOPIC
D423,T_overuren,BELONGS_TO_TOPIC
D424,T_overuren,BELONGS_TO_TOPIC
D425,T_overuren,BELONGS_TO_TOPIC
D426,T_overuren,BELONGS_TO_TOPIC
D427,T_overuren,BELONGS_TO_TOPIC
D428,T_overuren,BELONGS_TO_TOPIC
D429,T_overuren,BELONGS_TO_TOPIC
D430,T_overuren,BELONGS_TO_TOPIC
D431,T_jaarlijks_verlof,BELONGS_TO_TOPIC
D432,T_jaarlijks_verlof,BELONGS_TO_TOPIC
D433,T_jaarlijks_verlof,BELONGS_TO_TOPIC
D434,T_jaarlijks_verlof,BELONGS_TO_TOPIC
D435,T_jaarlijks_verlof,BELONGS_TO_TOPIC
D436,T_jaarlijks_verlof,BELONGS_TO_TOPIC
D437,T_jaarlijks_verlof,BELONGS_TO_TOPIC
D438,T_jaarlijks_verlof,BELONGS_TO_TOPIC
D439,T_klant_onboarding,BELONGS_TO_TOPIC
D440,T_klant_onboarding,BELONGS_TO_TOPIC
D441,T_klant_onboarding,BELONGS_TO_TOPIC
D442,T_klant_onboarding,BELONGS_TO_TOPIC
D443,T_klant_onboarding,BELONGS_TO_TOPIC
D444,T_klant_onboarding,BELONGS_TO_TOPIC
D445,T_klant_onboarding,BELONGS_TO_TOPIC
D446,T_klant_onboarding,BELONGS_TO_TOPIC
D931,T_loonberekening,BELONGS_TO_TOPIC
D932,T_loonberekening,BELONGS_TO_TOPIC
D933,T_loonberekening,BELONGS_TO_TOPIC
D901,T_ouderschapsverlof,BELONGS_TO_TOPIC
D902,T_ouderschapsverlof,BELONGS_TO_TOPIC
D903,T_ouderschapsverlof,BELONGS_TO_TOPIC
D904,T_ouderschapsverlof,BELONGS_TO_TOPIC
D905,T_ouderschapsverlof,BELONGS_TO_TOPIC
D911,T_pensioen,BELONGS_TO_TOPIC
D912,T_pensioen,BELONGS_TO_TOPIC
D913,T_pensioen,BELONGS_TO_TOPIC
D921,T_bedrijfswagen,BELONGS_TO_TOPIC
D922,T_bedrijfswagen,BELONGS_TO_TOPIC
D923,T_bedrijfswagen,BELONGS_TO_TOPIC
D924,T_bedrijfswagen,BELONGS_TO_TOPIC
D925,T_bedrijfswagen,BELONGS_TO_TOPIC
D926,T_bedrijfswagen,BELONGS_TO_TOPIC
D005,D001,SUPERSEDES
D017,D020,SUPERSEDES
D028,D031,SUPERSEDES
D034,D037,SUPERSEDES
D049,D050,SUPERSEDES
D060,D056,SUPERSEDES
D102,D099,SUPERSEDES
D102,D100,SUPERSEDES
D112,D110,SUPERSEDES
D112,D111,SUPERSEDES
D123,D124,SUPERSEDES
D136,D134,SUPERSEDES
D154,D153,SUPERSEDES
D166,D163,SUPERSEDES
D166,D168,SUPERSEDES
D174,D177,SUPERSEDES
D181,D179,SUPERSEDES
D191,D190,SUPERSEDES
D229,D230,SUPERSEDES
D229,D231,SUPERSEDES
D258,D257,SUPERSEDES
D266,D263,SUPERSEDES
D275,D279,SUPERSEDES
D296,D287,SUPERSEDES
D296,D288,SUPERSEDES
D296,D292,SUPERSEDES
D306,D304,SUPERSEDES
D306,D305,SUPERSEDES
D320,D318,SUPERSEDES
D320,D319,SUPERSEDES
D320,D321,SUPERSEDES
D325,D326,SUPERSEDES
D349,D347,SUPERSEDES
D364,D362,SUPERSEDES
D375,D374,SUPERSEDES
D375,D377,SUPERSEDES
D388,D390,SUPERSEDES
D397,D399,SUPERSEDES
D406,D405,SUPERSEDES
D407,D409,SUPERSEDES
D427,D429,SUPERSEDES
D431,D432,SUPERSEDES
D436,D437,SUPERSEDES
D436,D438,SUPERSEDES
D901,D902,SUPERSEDES
D931,D932,SUPERSEDES
D336,C_nike,ABOUT_CLIENT
D337,C_nike,ABOUT_CLIENT
D338,C_nike,ABOUT_CLIENT
D339,C_nike,ABOUT_CLIENT
D340,C_nike,ABOUT_CLIENT
D341,C_nike,ABOUT_CLIENT
D342,C_nike,ABOUT_CLIENT
D343,C_nike,ABOUT_CLIENT
D344,C_nike,ABOUT_CLIENT
D345,C_nike,ABOUT_CLIENT
D346,C_nike,ABOUT_CLIENT
D347,C_nike,ABOUT_CLIENT
D348,C_nike,ABOUT_CLIENT
D349,C_nike,ABOUT_CLIENT
D350,C_nike,ABOUT_CLIENT
D351,C_nike,ABOUT_CLIENT
D352,C_nike,ABOUT_CLIENT
D353,C_nike,ABOUT_CLIENT
D354,C_nike,ABOUT_CLIENT
D355,C_nike,ABOUT_CLIENT
D356,C_nike,ABOUT_CLIENT
D357,C_nike,ABOUT_CLIENT
D358,C_nike,ABOUT_CLIENT
D359,C_nike,ABOUT_CLIENT
D360,C_nike,ABOUT_CLIENT
D361,C_nike,ABOUT_CLIENT
D362,C_nike,ABOUT_CLIENT
D363,C_nike,ABOUT_CLIENT
D364,C_nike,ABOUT_CLIENT
D365,C_nike,ABOUT_CLIENT
D366,C_nike,ABOUT_CLIENT
D367,C_nike,ABOUT_CLIENT
D368,C_as_adventure,ABOUT_CLIENT
D369,C_as_adventure,ABOUT_CLIENT
D370,C_as_adventure,ABOUT_CLIENT
D371,C_as_adventure,ABOUT_CLIENT
D372,C_as_adventure,ABOUT_CLIENT
D373,C_as_adventure,ABOUT_CLIENT
D374,C_as_adventure,ABOUT_CLIENT
D375,C_as_adventure,ABOUT_CLIENT
D376,C_as_adventure,ABOUT_CLIENT
D377,C_as_adventure,ABOUT_CLIENT
D378,C_as_adventure,ABOUT_CLIENT
D379,C_as_adventure,ABOUT_CLIENT
D380,C_as_adventure,ABOUT_CLIENT
D381,C_as_adventure,ABOUT_CLIENT
D382,C_as_adventure,ABOUT_CLIENT
D383,C_as_adventure,ABOUT_CLIENT
D384,C_as_adventure,ABOUT_CLIENT
D385,C_as_adventure,ABOUT_CLIENT
D386,C_as_adventure,ABOUT_CLIENT
D387,C_decathlon,ABOUT_CLIENT
D388,C_decathlon,ABOUT_CLIENT
D389,C_decathlon,ABOUT_CLIENT
D390,C_decathlon,ABOUT_CLIENT
D391,C_decathlon,ABOUT_CLIENT
D392,C_decathlon,ABOUT_CLIENT
D393,C_decathlon,ABOUT_CLIENT
D394,C_decathlon,ABOUT_CLIENT
D395,C_decathlon,ABOUT_CLIENT
D396,C_decathlon,ABOUT_CLIENT
D397,C_decathlon,ABOUT_CLIENT
D398,C_decathlon,ABOUT_CLIENT
D399,C_decathlon,ABOUT_CLIENT
D400,C_decathlon,ABOUT_CLIENT
D401,C_decathlon,ABOUT_CLIENT
D402,C_decathlon,ABOUT_CLIENT
D403,C_decathlon,ABOUT_CLIENT
D404,C_decathlon,ABOUT_CLIENT
D405,C_decathlon,ABOUT_CLIENT
D406,C_decathlon,ABOUT_CLIENT
D407,C_zalando,ABOUT_CLIENT
D408,C_zalando,ABOUT_CLIENT
D409,C_zalando,ABOUT_CLIENT
D410,C_zalando,ABOUT_CLIENT
D411,C_zalando,ABOUT_CLIENT
D412,C_zalando,ABOUT_CLIENT
D413,C_zalando,ABOUT_CLIENT
D414,C_zalando,ABOUT_CLIENT
D415,C_zalando,ABOUT_CLIENT
D416,C_zalando,ABOUT_CLIENT
D417,C_zalando,ABOUT_CLIENT
D418,C_zalando,ABOUT_CLIENT
D419,C_zalando,ABOUT_CLIENT
D420,C_zalando,ABOUT_CLIENT
D421,C_zalando,ABOUT_CLIENT
D422,C_zalando,ABOUT_CLIENT
D423,C_zalando,ABOUT_CLIENT
D424,C_zalando,ABOUT_CLIENT
D425,C_zalando,ABOUT_CLIENT
D426,C_zalando,ABOUT_CLIENT
D427,C_zalando,ABOUT_CLIENT
D428,C_zalando,ABOUT_CLIENT
D429,C_zalando,ABOUT_CLIENT
D430,C_zalando,ABOUT_CLIENT
D431,C_zalando,ABOUT_CLIENT
D432,C_zalando,ABOUT_CLIENT
D433,C_zalando,ABOUT_CLIENT
D434,C_zalando,ABOUT_CLIENT
D435,C_zalando,ABOUT_CLIENT
D436,C_zalando,ABOUT_CLIENT
D437,C_zalando,ABOUT_CLIENT
D438,C_zalando,ABOUT_CLIENT
D439,C_zalando,ABOUT_CLIENT
D440,C_zalando,ABOUT_CLIENT
D441,C_zalando,ABOUT_CLIENT
D442,C_zalando,ABOUT_CLIENT
D443,C_zalando,ABOUT_CLIENT
D444,C_zalando,ABOUT_CLIENT
D445,C_zalando,ABOUT_CLIENT
D446,C_zalando,ABOUT_CLIENT
D931,C_nike,ABOUT_CLIENT
D932,C_nike,ABOUT_CLIENT
D933,C_nike,ABOUT_CLIENT
P16,C_nike,MANAGES_CLIENT
P19,C_as_adventure,MANAGES_CLIENT
P20,C_decathlon,MANAGES_CLIENT
P18,C_zalando,MANAGES_CLIENT
