doc_id,views,flags_wrong,flag_rate,unreliable
D001,49,22,0.449,1
D002,52,10,0.192,0
D003,39,6,0.154,0
D004,37,3,0.081,0
D005,22,1,0.045,0
D006,61,18,0.295,0
D007,88,16,0.182,0
D008,52,9,0.173,0
D009,48,14,0.292,0
D010,47,17,0.362,1
D011,54,8,0.148,0
D012,53,0,0.0,0
D013,42,12,0.286,0
D014,27,5,0.185,0
D015,31,12,0.387,1
D016,65,5,0.077,0
D017,35,5,0.143,0
D018,56,2,0.036,0
D019,75,4,0.053,0
D020,48,36,0.75,1
D021,60,24,0.4,1
D022,63,24,0.381,1
D023,33,5,0.152,0
D024,37,2,0.054,0
D025,38,23,0.605,1
D026,63,39,0.619,1
D027,42,18,0.429,1
D028,50,6,0.12,0
D029,41,11,0.268,0
D030,67,37,0.552,1
D031,38,9,0.237,0
D032,45,6,0.133,0
D033,50,9,0.18,0
D034,39,6,0.154,0
D035,37,4,0.108,0
D036,55,1,0.018,0
D037,51,19,0.373,1
D038,43,1,0.023,0
D039,36,10,0.278,0
D040,49,2,0.041,0
D041,42,4,0.095,0
D042,41,21,0.512,1
D043,48,10,0.208,0
D044,65,11,0.169,0
D045,25,4,0.16,0
D046,32,2,0.062,0
D047,48,14,0.292,0
D048,35,21,0.6,1
D049,46,2,0.043,0
D050,31,20,0.645,1
D051,34,8,0.235,0
D052,40,6,0.15,0
D053,40,25,0.625,1
D054,35,4,0.114,0
D055,42,0,0.0,0
D056,58,9,0.155,0
D057,27,2,0.074,0
D058,50,6,0.12,0
D059,29,2,0.069,0
D060,61,9,0.148,0
D061,61,6,0.098,0
D062,31,0,0.0,0
D063,48,19,0.396,1
D064,48,5,0.104,0
D065,26,7,0.269,0
D066,73,38,0.521,1
D067,51,4,0.078,0
D068,61,21,0.344,0
D069,61,1,0.016,0
D070,53,1,0.019,0
D071,52,0,0.0,0
D072,69,1,0.014,0
D073,38,10,0.263,0
D074,84,3,0.036,0
D075,43,1,0.023,0
D076,67,2,0.03,0
D077,56,2,0.036,0
D078,42,0,0.0,0
D079,49,1,0.02,0
D080,23,8,0.348,0
D081,61,3,0.049,0
D082,78,11,0.141,0
D083,53,5,0.094,0
D084,65,4,0.062,0
D085,58,4,0.069,0
D086,50,11,0.22,0
D087,44,8,0.182,0
D088,45,6,0.133,0
D089,63,6,0.095,0
D090,51,13,0.255,0
D091,52,9,0.173,0
D092,45,14,0.311,0
D093,42,5,0.119,0
D094,41,9,0.22,0
D095,36,3,0.083,0
D096,46,9,0.196,0
D097,32,6,0.188,0
D098,49,8,0.163,0
D099,36,23,0.639,1
D100,42,22,0.524,1
D101,39,5,0.128,0
D102,44,10,0.227,0
D103,60,47,0.783,1
D104,47,21,0.447,1
D105,33,0,0.0,0
D106,49,6,0.122,0
D107,77,3,0.039,0
D108,39,10,0.256,0
D109,32,4,0.125,0
D110,49,21,0.429,1
D111,50,22,0.44,1
D112,34,3,0.088,0
D113,24,6,0.25,0
D114,48,4,0.083,0
D115,43,14,0.326,0
D116,28,1,0.036,0
D117,40,4,0.1,0
D118,38,4,0.105,0
D119,70,46,0.657,1
D120,54,3,0.056,0
D121,43,4,0.093,0
D122,52,5,0.096,0
D123,57,1,0.018,0
D124,39,20,0.513,1
D125,50,17,0.34,0
D126,49,14,0.286,0
D127,58,25,0.431,1
D128,44,7,0.159,0
D129,37,7,0.189,0
D130,45,0,0.0,0
D131,57,23,0.404,1
D132,41,3,0.073,0
D133,40,7,0.175,0
D134,47,30,0.638,1
D135,45,7,0.156,0
D136,38,6,0.158,0
D137,54,17,0.315,0
D138,44,20,0.455,1
D139,43,0,0.0,0
D140,68,1,0.015,0
D141,50,35,0.7,1
D142,56,1,0.018,0
D143,38,2,0.053,0
D144,43,0,0.0,0
D145,65,2,0.031,0
D146,43,8,0.186,0
D147,45,3,0.067,0
D148,54,16,0.296,0
D149,59,38,0.644,1
D150,45,4,0.089,0
D151,49,4,0.082,0
D152,65,3,0.046,0
D153,76,50,0.658,1
D154,57,6,0.105,0
D155,71,33,0.465,1
D156,61,35,0.574,1
D157,56,15,0.268,0
D158,72,55,0.764,1
D159,102,69,0.676,1
D160,46,27,0.587,1
D161,44,3,0.068,0
D162,38,18,0.474,1
D163,39,12,0.308,0
D164,38,1,0.026,0
D165,50,18,0.36,1
D166,42,1,0.024,0
D167,48,13,0.271,0
D168,38,20,0.526,1
D169,53,6,0.113,0
D170,46,3,0.065,0
D171,57,18,0.316,0
D172,36,5,0.139,0
D173,55,30,0.545,1
D174,51,1,0.02,0
D175,58,31,0.534,1
D176,47,12,0.255,0
D177,61,19,0.311,0
D178,46,2,0.043,0
D179,37,26,0.703,1
D180,70,1,0.014,0
D181,33,1,0.03,0
D182,71,6,0.085,0
D183,63,8,0.127,0
D184,27,0,0.0,0
D185,42,5,0.119,0
D186,76,3,0.039,0
D187,54,18,0.333,0
D188,54,13,0.241,0
D189,66,6,0.091,0
D190,69,47,0.681,1
D191,28,2,0.071,0
D192,25,2,0.08,0
D193,46,0,0.0,0
D194,36,9,0.25,0
D195,35,3,0.086,0
D196,47,2,0.043,0
D197,29,2,0.069,0
D198,31,1,0.032,0
D199,35,9,0.257,0
D200,54,3,0.056,0
D201,64,21,0.328,0
D202,49,11,0.224,0
D203,55,4,0.073,0
D204,38,19,0.5,1
D205,47,15,0.319,0
D206,40,4,0.1,0
D207,46,34,0.739,1
D208,66,18,0.273,0
D209,70,7,0.1,0
D210,41,18,0.439,1
D211,60,12,0.2,0
D212,35,19,0.543,1
D213,47,26,0.553,1
D214,64,33,0.516,1
D215,45,9,0.2,0
D216,29,2,0.069,0
D217,44,6,0.136,0
D218,36,0,0.0,0
D219,70,3,0.043,0
D220,39,2,0.051,0
D221,35,7,0.2,0
D222,77,11,0.143,0
D223,53,2,0.038,0
D224,47,0,0.0,0
D225,67,6,0.09,0
D226,64,3,0.047,0
D227,49,1,0.02,0
D228,53,42,0.792,1
D229,42,1,0.024,0
D230,43,24,0.558,1
D231,58,43,0.741,1
D232,41,27,0.659,1
D233,57,22,0.386,1
D234,69,3,0.043,0
D235,31,0,0.0,0
D236,63,34,0.54,1
D237,47,3,0.064,0
D238,42,21,0.5,1
D239,50,3,0.06,0
D240,81,23,0.284,0
D241,66,5,0.076,0
D242,52,3,0.058,0
D243,46,28,0.609,1
D244,31,9,0.29,0
D245,45,23,0.511,1
D246,48,11,0.229,0
D247,52,9,0.173,0
D248,55,19,0.345,0
D249,54,11,0.204,0
D250,60,6,0.1,0
D251,42,0,0.0,0
D252,35,1,0.029,0
D253,52,26,0.5,1
D254,39,2,0.051,0
D255,77,5,0.065,0
D256,54,5,0.093,0
D257,54,21,0.389,1
D258,56,0,0.0,0
D259,64,23,0.359,1
D260,76,7,0.092,0
D261,70,9,0.129,0
D262,74,14,0.189,0
D263,43,17,0.395,1
D264,65,18,0.277,0
D265,51,5,0.098,0
D266,63,7,0.111,0
D267,49,6,0.122,0
D268,53,24,0.453,1
D269,59,12,0.203,0
D270,39,8,0.205,0
D271,27,2,0.074,0
D272,48,3,0.062,0
D273,73,39,0.534,1
D274,40,14,0.35,0
D275,72,5,0.069,0
D276,39,14,0.359,1
D277,34,1,0.029,0
D278,39,1,0.026,0
D279,98,67,0.684,1
D280,37,3,0.081,0
D281,53,9,0.17,0
D282,43,2,0.047,0
D283,77,38,0.494,1
D284,62,29,0.468,1
D285,53,26,0.491,1
D286,47,5,0.106,0
D287,57,34,0.596,1
D288,34,5,0.147,0
D289,57,28,0.491,1
D290,51,19,0.373,1
D291,35,3,0.086,0
D292,65,26,0.4,1
D293,59,9,0.153,0
D294,26,2,0.077,0
D295,60,41,0.683,1
D296,71,2,0.028,0
D297,36,3,0.083,0
D298,42,7,0.167,0
D299,47,24,0.511,1
D300,75,6,0.08,0
D301,69,38,0.551,1
D302,29,2,0.069,0
D303,57,1,0.018,0
D304,63,49,0.778,1
D305,59,31,0.525,1
D306,95,8,0.084,0
D307,60,42,0.7,1
D308,50,1,0.02,0
D309,40,5,0.125,0
D310,38,10,0.263,0
D311,39,2,0.051,0
D312,30,18,0.6,1
D313,33,5,0.152,0
D314,56,2,0.036,0
D315,59,4,0.068,0
D316,69,37,0.536,1
D317,24,9,0.375,1
D318,53,11,0.208,0
D319,38,8,0.211,0
D320,44,3,0.068,0
D321,46,19,0.413,1
D322,53,11,0.208,0
D323,55,1,0.018,0
D324,45,4,0.089,0
D325,48,4,0.083,0
D326,55,29,0.527,1
D327,62,41,0.661,1
D328,39,20,0.513,1
D329,50,19,0.38,1
D330,87,10,0.115,0
D331,50,0,0.0,0
D332,49,1,0.02,0
D333,55,4,0.073,0
D334,37,13,0.351,1
D335,44,2,0.045,0
D336,43,5,0.116,0
D337,55,30,0.545,1
D338,39,6,0.154,0
D339,30,3,0.1,0
D340,36,11,0.306,0
D341,40,3,0.075,0
D342,25,14,0.56,1
D343,22,2,0.091,0
D344,47,0,0.0,0
D345,26,1,0.038,0
D346,28,17,0.607,1
D347,34,24,0.706,1
D348,38,7,0.184,0
D349,35,9,0.257,0
D350,53,6,0.113,0
D351,58,11,0.19,0
D352,53,4,0.075,0
D353,36,9,0.25,0
D354,30,14,0.467,1
D355,29,5,0.172,0
D356,34,5,0.147,0
D357,60,3,0.05,0
D358,39,31,0.795,1
D359,40,4,0.1,0
D360,42,14,0.333,0
D361,27,0,0.0,0
D362,31,20,0.645,1
D363,56,5,0.089,0
D364,42,5,0.119,0
D365,44,8,0.182,0
D366,25,10,0.4,1
D367,47,4,0.085,0
D368,44,0,0.0,0
D369,48,6,0.125,0
D370,65,7,0.108,0
D371,55,10,0.182,0
D372,40,5,0.125,0
D373,35,11,0.314,0
D374,42,9,0.214,0
D375,43,1,0.023,0
D376,50,4,0.08,0
D377,35,16,0.457,1
D378,42,28,0.667,1
D379,26,5,0.192,0
D380,35,2,0.057,0
D381,44,9,0.205,0
D382,47,31,0.66,1
D383,34,2,0.059,0
D384,43,17,0.395,1
D385,49,9,0.184,0
D386,47,10,0.213,0
D387,63,46,0.73,1
D388,51,0,0.0,0
D389,29,0,0.0,0
D390,30,15,0.5,1
D391,35,4,0.114,0
D392,63,19,0.302,0
D393,61,4,0.066,0
D394,42,3,0.071,0
D395,25,0,0.0,0
D396,41,14,0.341,0
D397,36,2,0.056,0
D398,44,8,0.182,0
D399,29,18,0.621,1
D400,24,0,0.0,0
D401,30,2,0.067,0
D402,43,6,0.14,0
D403,47,20,0.426,1
D404,32,21,0.656,1
D405,68,50,0.735,1
D406,31,2,0.065,0
D407,95,4,0.042,0
D408,63,35,0.556,1
D409,25,10,0.4,1
D410,41,16,0.39,1
D411,32,3,0.094,0
D412,26,5,0.192,0
D413,52,9,0.173,0
D414,29,1,0.034,0
D415,47,0,0.0,0
D416,26,11,0.423,1
D417,48,3,0.062,0
D418,43,21,0.488,1
D419,36,18,0.5,1
D420,33,13,0.394,1
D421,35,26,0.743,1
D422,46,10,0.217,0
D423,54,13,0.241,0
D424,48,13,0.271,0
D425,34,0,0.0,0
D426,40,3,0.075,0
D427,44,0,0.0,0
D428,33,1,0.03,0
D429,34,14,0.412,1
D430,46,4,0.087,0
D431,47,4,0.085,0
D432,30,14,0.467,1
D433,28,1,0.036,0
D434,29,11,0.379,1
D435,47,1,0.021,0
D436,55,7,0.127,0
D437,26,6,0.231,0
D438,28,13,0.464,1
D439,31,13,0.419,1
D440,60,7,0.117,0
D441,46,0,0.0,0
D442,38,0,0.0,0
D443,45,4,0.089,0
D444,27,4,0.148,0
D445,29,7,0.241,0
D446,57,7,0.123,0
D931,57,3,0.053,0
D932,53,19,0.358,1
D933,41,27,0.659,1
D901,52,1,0.019,0
D902,95,53,0.558,1
D903,59,0,0.0,0
D904,38,18,0.474,1
D905,46,13,0.283,0
D911,75,41,0.547,1
D912,42,28,0.667,1
D913,50,30,0.6,1
D921,34,26,0.765,1
D922,37,31,0.838,1
D923,44,32,0.727,1
D924,48,39,0.812,1
D925,44,33,0.75,1
D926,47,32,0.681,1
