doc_id,states_current_value
D001,0
D002,1
D003,1
D004,1
D005,1
D006,0
D007,0
D008,1
D009,1
D010,0
D011,1
D012,1
D013,0
D014,1
D015,0
D016,1
D017,1
D018,1
D019,1
D020,0
D021,1
D022,0
D023,1
D024,1
D025,0
D026,0
D027,1
D028,1
D029,1
D030,0
D031,0
D032,1
D033,1
D034,1
D035,1
D036,1
D037,0
D038,1
D039,1
D040,1
D041,1
D042,0
D043,0
D044,1
D045,1
D046,1
D047,1
D048,0
D049,1
D050,0
D051,1
D052,1
D053,0
D054,1
D055,1
D056,0
D057,1
D058,1
D059,1
D060,1
D061,1
D062,1
D063,0
D064,1
D065,0
D066,1
D067,1
D068,0
D069,1
D070,1
D071,1
D072,1
D073,1
D074,1
D075,1
D076,1
D077,1
D078,1
D079,1
D080,0
D081,1
D082,1
D083,1
D084,1
D085,1
D086,1
D087,1
D088,1
D089,1
D090,1
D091,1
D092,1
D093,1
D094,1
D095,1
D096,1
D097,1
D098,1
D099,0
D100,0
D101,1
D102,1
D103,0
D104,0
D105,1
D106,1
D107,1
D108,0
D109,1
D110,0
D111,0
D112,1
D113,1
D114,1
D115,0
D116,1
D117,1
D118,1
D119,0
D120,1
D121,1
D122,1
D123,1
D124,0
D125,1
D126,1
D127,0
D128,1
D129,1
D130,1
D131,0
D132,1
D133,1
D134,0
D135,1
D136,1
D137,1
D138,0
D139,1
D140,1
D141,0
D142,1
D143,1
D144,1
D145,1
D146,1
D147,1
D148,0
D149,0
D150,1
D151,1
D152,1
D153,0
D154,1
D155,0
D156,0
D157,0
D158,0
D159,0
D160,0
D161,1
D162,0
D163,0
D164,1
D165,0
D166,1
D167,1
D168,0
D169,1
D170,1
D171,1
D172,1
D173,0
D174,1
D175,0
D176,1
D177,0
D178,1
D179,0
D180,1
D181,1
D182,1
D183,1
D184,1
D185,1
D186,1
D187,1
D188,1
D189,1
D190,0
D191,1
D192,1
D193,1
D194,1
D195,1
D196,1
D197,1
D198,1
D199,1
D200,1
D201,1
D202,1
D203,1
D204,0
D205,1
D206,1
D207,0
D208,1
D209,1
D210,0
D211,1
D212,0
D213,0
D214,0
D215,1
D216,1
D217,1
D218,1
D219,1
D220,1
D221,1
D222,1
D223,1
D224,1
D225,1
D226,1
D227,1
D228,0
D229,1
D230,0
D231,0
D232,0
D233,0
D234,1
D235,1
D236,0
D237,1
D238,0
D239,1
D240,0
D241,1
D242,1
D243,1
D244,0
D245,0
D246,1
D247,1
D248,1
D249,1
D250,1
D251,1
D252,1
D253,0
D254,1
D255,1
D256,1
D257,0
D258,1
D259,1
D260,1
D261,1
D262,1
D263,0
D264,1
D265,1
D266,1
D267,1
D268,0
D269,0
D270,1
D271,1
D272,1
D273,0
D274,1
D275,1
D276,1
D277,1
D278,1
D279,0
D280,1
D281,1
D282,1
D283,0
D284,0
D285,0
D286,1
D287,0
D288,0
D289,0
D290,1
D291,1
D292,0
D293,1
D294,1
D295,0
D296,1
D297,1
D298,1
D299,0
D300,1
D301,0
D302,1
D303,1
D304,0
D305,0
D306,1
D307,0
D308,1
D309,1
D310,1
D311,1
D312,1
D313,1
D314,1
D315,1
D316,0
D317,0
D318,0
D319,0
D320,1
D321,0
D322,1
D323,1
D324,1
D325,1
D326,0
D327,0
D328,0
D329,0
D330,1
D331,1
D332,1
D333,1
D334,0
D335,1
D336,1
D337,0
D338,1
D339,1
D340,0
D341,1
D342,0
D343,1
D344,1
D345,1
D346,0
D347,0
D348,1
D349,1
D350,1
D351,0
D352,1
D353,1
D354,0
D355,1
D356,1
D357,1
D358,0
D359,1
D360,1
D361,1
D362,0
D363,1
D364,1
D365,1
D366,0
D367,1
D368,1
D369,0
D370,1
D371,0
D372,1
D373,1
D374,0
D375,1
D376,1
D377,0
D378,0
D379,1
D380,1
D381,1
D382,0
D383,1
D384,1
D385,1
D386,1
D387,0
D388,1
D389,1
D390,0
D391,1
D392,1
D393,1
D394,1
D395,1
D396,1
D397,1
D398,1
D399,0
D400,1
D401,1
D402,1
D403,0
D404,0
D405,0
D406,1
D407,1
D408,0
D409,0
D410,0
D411,1
D412,1
D413,1
D414,1
D415,1
D416,0
D417,1
D418,0
D419,0
D420,0
D421,0
D422,1
D423,0
D424,0
D425,1
D426,1
D427,1
D428,1
D429,0
D430,1
D431,1
D432,0
D433,1
D434,0
D435,1
D436,1
D437,0
D438,0
D439,0
D440,1
D441,1
D442,1
D443,1
D444,1
D445,0
D446,1
D931,1
D932,0
D933,0
D901,1
D902,0
D903,1
D904,0
D905,1
D911,0
D912,0
D913,0
D921,0
D922,0
D923,0
D924,0
D925,0
D926,0
