person_id,name,department,country,role,active
P01,Sofie Peeters,HR Advisory,BE,Senior HR Advisor,True
P02,Thomas Maes,HR Advisory,BE,HR Advisor,True
P03,Lotte de Vries,HR Advisory,NL,HR Advisor,True
P04,Jonas Becker,HR Advisory,DE,HR Advisor,True
P05,Emma Claes,HR Advisory,BE,HR Advisor,True
P06,Pieter Wouters,Payroll,BE,Payroll Specialist,True
P07,Nina Smit,Payroll,NL,Payroll Specialist,True
P08,Lukas Schmidt,Payroll,DE,Payroll Specialist,True
P09,Karel Mertens,Payroll,BE,Payroll Specialist,False
P10,Ines Jacobs,Payroll,BE,Payroll Specialist,True
P11,Marie Dubois,Payroll,BE,Payroll Analyst,True
P12,An Willems,Legal & Compliance,BE,Legal Counsel,True
P13,Bram Visser,Legal & Compliance,NL,Legal Counsel,True
P14,Hanna Weber,Legal & Compliance,DE,Legal Counsel,True
P15,Gert Hermans,Legal & Compliance,BE,Senior Legal Counsel,False
P16,Laura Goossens,Customer Success,BE,Customer Success Lead,True
P17,Daan Bakker,Customer Success,NL,Customer Success Manager,True
P18,Felix Wagner,Customer Success,DE,Customer Success Manager,True
P19,Yasmine El Amrani,Customer Success,BE,Customer Success Manager,True
P20,Tom Claessens,Customer Success,BE,Customer Success Manager,True
P21,Elise Vermeulen,Payroll,BE,Payroll Specialist,True
P22,Stijn Dewit,Customer Success,BE,Implementation Consultant,True
P23,Julia Fischer,Legal & Compliance,DE,Legal Counsel,True
P24,Robin Lambert,HR Advisory,BE,Junior HR Advisor,True
P25,Wout Verhoeven,Payroll,NL,Payroll Specialist,True
P26,Wout Koch,Legal & Compliance,BE,Compliance Officer,False
P27,Sara Aerts,Customer Success,BE,Customer Success Manager,True
P28,Koen Desmet,HR Advisory,BE,HR Business Partner,True
P29,Lien Hendrickx,Payroll,NL,Payroll Analyst,True
P30,Noor Hoffmann,Legal & Compliance,BE,Compliance Officer,True
P31,Seppe Coppens,Customer Success,BE,Customer Success Manager,True
P32,Koen Van den Berg,HR Advisory,DE,HR Business Partner,False
P33,Ruben Coppens,Payroll,DE,Payroll Analyst,True
P34,Sara De Smet,Legal & Compliance,NL,Compliance Officer,True
P35,Jelle Van den Berg,Customer Success,BE,Implementation Consultant,True
P36,Seppe Hendrickx,HR Advisory,BE,HR Advisor,True
P37,Sara Coppens,Payroll,NL,Payroll Specialist,True
P38,Tine Kuipers,Legal & Compliance,DE,Legal Counsel,True
P39,Arne Bosmans,Customer Success,DE,Implementation Consultant,True
P40,Hannelore Hoffmann,HR Advisory,BE,HR Business Partner,True
P41,Lore Mertens,Payroll,BE,Payroll Specialist,True
P42,Koen Kuipers,Legal & Compliance,NL,Compliance Officer,True
P43,Tine Krause,Customer Success,BE,Customer Success Manager,True
P44,Wout Mertens,HR Advisory,NL,HR Business Partner,True
P45,Tine Vandamme,Payroll,BE,Payroll Analyst,True
P46,Koen Verhoeven,Legal & Compliance,NL,Legal Counsel,True
P47,Fien Van den Berg,Customer Success,BE,Customer Success Manager,True
P48,Eva Jansen,HR Advisory,NL,HR Advisor,True
P49,Ruben Jansen,Payroll,NL,Payroll Specialist,True
P50,Milan Koch,Legal & Compliance,DE,Legal Counsel,True
P51,Matthias Verhoeven,Customer Success,BE,Implementation Consultant,True
P52,Ruben Bosmans,HR Advisory,BE,HR Advisor,True
P53,Matthias Janssen,Payroll,DE,Payroll Specialist,True
P54,Matthias Koch,Legal & Compliance,BE,Compliance Officer,True
P55,Koen Aerts,Customer Success,NL,Implementation Consultant,True
P56,Seppe Pauwels,HR Advisory,DE,HR Business Partner,True
P57,Jelle Janssen,Payroll,BE,Payroll Specialist,True
P58,Lien Janssen,Legal & Compliance,NL,Legal Counsel,True
P59,Arne Hoffmann,Customer Success,BE,Customer Success Manager,True
P60,Matthias Aerts,HR Advisory,BE,HR Business Partner,True
P61,Matthias Desmet,Payroll,BE,Payroll Specialist,True
P62,Seppe Desmet,Legal & Compliance,BE,Legal Counsel,True
P63,Wout De Smet,Customer Success,BE,Implementation Consultant,True
P64,Wout Bosmans,HR Advisory,BE,HR Business Partner,True
