topic_id,name,department
T_ouderschapsverlof,Ouderschapsverlof,HR Advisory
T_ziekteverlof,Ziekteverlof en gewaarborgd loon,HR Advisory
T_vakantiegeld,Vakantiegeld,Payroll
T_loonberekening,Loonberekening en cut-off,Payroll
T_bedrijfswagen,Bedrijfswagen en voordeel alle aard,Payroll
T_pensioen,Pensioenleeftijd en regeling,Legal & Compliance
T_gdpr_loon,Bewaartermijn loonadministratie (GDPR),Legal & Compliance
T_klant_onboarding,Klant-onboarding,Customer Success
T_dertiende_maand,Eindejaarspremie en dertiende maand,Payroll
T_maaltijdcheques,Maaltijdcheques en maaltijdvergoeding,Payroll
T_overuren,Overuren en toeslagen,HR Advisory
T_opzegtermijn,Opzegtermijn bij ontslag,Legal & Compliance
T_thuiswerk,Thuiswerkvergoeding,HR Advisory
T_loopbaanonderbreking,Loopbaanonderbreking en sabbatical,HR Advisory
T_mobiliteitsbudget,Mobiliteitsbudget en woon-werkverkeer,Payroll
T_jaarlijks_verlof,Jaarlijks verlof,HR Advisory
